id,Kanji,Strokes,Grade,JLPT-test,"Name of Radical","Reading within Joyo","Reading beyond Joyo"
1,亜,7,7,1,Ni,ア,
2,哀,9,7,1,"Kuchi, Kuchihen",アイ、あわ-れ、あわ-れむ,かな
3,挨,10,7,0,Tehen,アイ,
4,愛,13,4,3,"Kokoro, Risshinben, Shitagokoro",アイ,オ、いと、め
5,曖,17,7,0,"Nichi, Nichihen",アイ,
6,悪,11,3,4,"Kokoro, Risshinben, Shitagokoro",アク、オ、わる-い,
7,握,12,7,1,Tehen,アク、にぎ-る,
8,圧,5,5,2,"Tsuchi, Tsuchihen",アツ,おさ
9,扱,6,7,1,Tehen,あつか-う,
10,宛,8,7,0,Ukanmuri,あ-てる,エン
11,嵐,12,7,1,"Yama, Yamahen",あらし,ラン
12,安,6,3,4,Ukanmuri,アン、やす-い,
13,案,10,4,2,"Ki, Kihen",アン,
14,暗,13,3,3,"Nichi, Nichihen",アン、くら-い,
15,以,5,4,4,"Hito, Ninben, Hitoyane",イ,もち、ゆえ、も
16,衣,6,4,2,"Koromo, Koromohen",イ、ころも,エ、きぬ、き、ぎぬ、ぎ
17,位,7,4,3,"Hito, Ninben, Hitoyane",イ、くらい,
18,囲,7,4,2,Kunigamae,イ、かこ-む、かこ-う,
19,医,7,3,4,Kakushigamae,イ,
20,依,8,7,2,"Hito, Ninben, Hitoyane",イ、[エ],よ
21,委,8,3,2,"Onna, Onnahen",イ、ゆだ-ねる,まか
22,威,9,7,1,"Onna, Onnahen",イ,おど、たけ
23,為,9,7,1,"Hi, Hihen, Renga",イ,ため、な
24,畏,9,7,0,"Ta, Tahen",イ、おそ-れる,かしこ
25,胃,9,4,2,"Niku, Nikuzuki",イ,
26,尉,11,7,1,Sun,イ,じょう
27,異,11,6,2,"Ta, Tahen",イ、こと,あや
28,移,11,5,2,"Nogi, Nogihen",イ、うつ-る、うつ-す,
29,萎,11,7,0,Kusakanmuri,イ、な-える,しぼ、しお
30,偉,12,7,3,"Hito, Ninben, Hitoyane",イ、えら-い,
31,椅,12,7,0,"Ki, Kihen",イ,
32,彙,13,7,0,Keigashira,イ,
33,意,13,3,4,"Kokoro, Risshinben, Shitagokoro",イ,
34,違,13,7,3,Shinnyoo,イ、ちが-う、ちが-える,たが
35,維,14,7,1,"Ito, Itohen",イ,
36,慰,15,7,1,"Kokoro, Risshinben, Shitagokoro",イ、なぐさ-める、なぐさ-む,
37,遺,15,6,1,Shinnyoo,イ、[ユイ],のこ
38,緯,16,7,1,"Ito, Itohen",イ,よこいと
39,域,11,6,2,"Tsuchi, Tsuchihen",イキ,
40,育,8,3,3,"Niku, Nikuzuki",イク、そだ-つ、そだ-てる、はぐく-む,
41,一,1,1,5,Ichi,イチ、イツ、ひと、ひと-つ,
42,壱,7,7,1,Samurai,イチ,
43,逸,11,7,1,Shinnyoo,イツ,イチ
44,茨,9,7,0,Kusakanmuri,[いばら],
45,芋,6,7,1,Kusakanmuri,いも,
46,引,4,2,3,"Yumi, Yumihen",イン、ひ-く、ひ-ける,
47,印,6,4,2,"Fushizukuri, Warifu",イン、しるし,
48,因,6,5,3,Kunigamae,イン、よ-る,ちな
49,咽,9,7,0,"Kuchi, Kuchihen",イン,のど、むせ
50,姻,9,7,1,"Onna, Onnahen",イン,
51,員,10,3,4,"Kuchi, Kuchihen",イン,
52,院,10,3,4,Kozatohen,イン,エン
53,淫,11,7,0,"Mizu, Sanzui, Shitamizu",イン、みだ-ら,
54,陰,11,7,1,Kozatohen,イン、かげ、かげ-る,
55,飲,12,3,4,"Shoku, Shokuhen",イン、の-む,
56,隠,14,7,1,Kozatohen,イン、かく-す、かく-れる,オン
57,韻,19,7,1,Oto,イン,
58,右,5,1,5,"Kuchi, Kuchihen",ウ、ユウ、みぎ,
59,宇,6,6,2,Ukanmuri,ウ,
60,羽,6,2,2,Hane,ウ、は、はね,わ
61,雨,8,1,5,"Ame, Amekanmuri",ウ、あめ、[あま],
62,唄,10,7,1,"Kuchi, Kuchihen",[うた],バイ
63,鬱,29,7,0,"Cho, Nioizake",ウツ,ふさ
64,畝,10,7,1,"Ta, Tahen",うね,ポ、せ
65,浦,10,7,1,"Mizu, Sanzui, Shitamizu",うら,ホ、ポ
66,運,12,3,4,Shinnyoo,ウン、はこ-ぶ,
67,雲,12,2,2,"Ame, Amekanmuri",ウン、くも,
68,永,5,5,2,"Mizu, Sanzui, Shitamizu",エイ、なが-い,
69,泳,8,3,3,"Mizu, Sanzui, Shitamizu",エイ、およ-ぐ,
70,英,8,4,4,Kusakanmuri,エイ,はなぶさ、はな
71,映,9,6,4,"Nichi, Nichihen",エイ、うつ-る、うつ-す、は-える,
72,栄,9,4,2,"Ki, Kihen",エイ、さか-える、は-え、は-える,ヨウ
73,営,12,5,2,Tsukanmuri,エイ、いとな-む,
74,詠,12,7,1,"Gon, Gonben",エイ、よ-む,うた
75,影,15,7,1,Sanzukuri,エイ、かげ,ヨウ
76,鋭,15,7,2,"Kane, Kanehen",エイ、するど-い,
77,衛,16,5,1,Gyoogamae,エイ,エ、まも
78,易,8,5,3,"Nichi, Nichihen",エキ、イ、やさ-しい,やす
79,疫,9,7,1,Yamaidare,エキ、[ヤク],
80,益,10,5,1,Sara,エキ、[ヤク],ますます、ま
81,液,11,5,2,"Mizu, Sanzui, Shitamizu",エキ,
82,駅,14,3,4,"Uma, Umahen",エキ,
83,悦,10,7,1,"Kokoro, Risshinben, Shitagokoro",エツ,よろこ
84,越,12,7,3,"Hashiru, Soonyoo",エツ、こ-す、こ-える,オチ、エチ、オッ
85,謁,15,7,1,"Gon, Gonben",エツ,
86,閲,15,7,1,Mongamae,エツ,
87,円,4,1,5,Doogamae,エン、まる-い,まど
88,延,8,6,2,Ennyoo,エン、の-びる、の-べる、の-ばす,び
89,沿,8,6,1,"Mizu, Sanzui, Shitamizu",エン、そ-う,
90,炎,8,7,1,"Hi, Hihen, Renga",エン、ほのお,
91,怨,9,7,0,"Kokoro, Risshinben, Shitagokoro",エン、オン,うら
92,宴,10,7,1,Ukanmuri,エン,うたげ
93,媛,12,7,1,"Onna, Onnahen",エン,ひめ
94,援,12,7,1,Tehen,エン,
95,園,13,2,3,Kunigamae,エン、その,オン
96,煙,13,7,3,"Hi, Hihen, Renga",エン、けむ-る、けむり、けむ-い,
97,猿,13,7,1,"Inu, Kemonohen",エン、さる,
98,遠,13,2,3,Shinnyoo,エン、[オン]、とお-い,
99,鉛,13,7,1,"Kane, Kanehen",エン、なまり,
100,塩,13,4,2,"Tsuchi, Tsuchihen",エン、しお,
101,演,14,5,3,"Mizu, Sanzui, Shitamizu",エン,
102,縁,15,7,1,"Ito, Itohen",エン、ふち,えにし、へり、よ
103,艶,19,7,1,Iro,エン、つや,
104,汚,6,7,2,"Mizu, Sanzui, Shitamizu",オ、けが-す、けが-れる、けが-らわしい、よご-す、よご-れる、きたな-い,
105,王,4,1,3,"Tama, Oo",オウ,
106,凹,5,7,1,Ukebako,オウ,
107,央,5,3,2,Dai,オウ,ヨウ、つ
108,応,7,5,2,"Kokoro, Risshinben, Shitagokoro",オウ、こた-える,
109,往,8,5,1,Gyooninben,オウ,い、ゆ
110,押,8,7,3,Tehen,オウ、お-す、お-さえる,
111,旺,8,7,1,"Nichi, Nichihen",オウ,
112,欧,8,7,2,Akubi,オウ,
113,殴,8,7,1,Rumata,オウ、なぐ-る,
114,桜,10,5,1,"Ki, Kihen",オウ、さくら,
115,翁,10,7,1,Hane,オウ,おきな
116,奥,12,7,2,Dai,オウ、おく,
117,横,15,3,3,"Ki, Kihen",オウ、よこ,
118,岡,8,7,1,"Yama, Yamahen",[おか],コウ
119,屋,9,3,4,Shikabane,オク、や,
120,億,15,4,2,"Hito, Ninben, Hitoyane",オク,
121,憶,16,7,1,"Kokoro, Risshinben, Shitagokoro",オク,おぼ
122,臆,17,7,0,"Niku, Nikuzuki",オク,
123,虞,13,7,1,Toragashira,おそれ,グ
124,乙,1,7,1,"Otsu, Otsunyoo",オツ,
125,俺,10,7,0,"Hito, Ninben, Hitoyane",おれ,
126,卸,9,7,1,"Fushizukuri, Warifu",おろ-す、おろし,
127,音,9,1,4,Oto,オン、イン、おと、ね,
128,恩,10,5,1,"Kokoro, Risshinben, Shitagokoro",オン,
129,温,12,3,2,"Mizu, Sanzui, Shitamizu",オン、あたた-か、あたた-かい、あたた-まる、あたた-める,ウン
130,穏,16,7,1,"Nogi, Nogihen",オン、おだ-やか,
131,下,3,1,5,Ichi,カ、ゲ、した、しも、もと、さ-げる、さ-がる、くだ-る、くだ-す、くだ-さる、お-ろす、お-りる,
132,化,4,3,3,Hi,カ、ケ、ば-ける、ば-かす,
133,火,4,1,5,"Hi, Hihen, Renga",カ、ひ、[ほ],コ
134,加,5,4,3,Chikara,カ、くわ-える、くわ-わる,ケ
135,可,5,5,3,"Kuchi, Kuchihen",カ,
136,仮,6,5,2,"Hito, Ninben, Hitoyane",カ、[ケ]、かり,たと
137,何,7,2,5,"Hito, Ninben, Hitoyane",カ、なに、[なん],いず
138,花,7,1,4,Kusakanmuri,カ、はな,ケ、ゲ、あや
139,佳,8,7,1,"Hito, Ninben, Hitoyane",カ,ケ、よ
140,価,8,5,2,"Hito, Ninben, Hitoyane",カ、あたい,
141,果,8,4,3,"Ki, Kihen",カ、は-たす、は-てる、は-て,くだもの
142,河,8,5,2,"Mizu, Sanzui, Shitamizu",カ、かわ,
143,苛,8,7,0,Kusakanmuri,カ,
144,科,9,2,3,"Nogi, Nogihen",カ,しな、とが
145,架,9,7,1,"Ki, Kihen",カ、か-ける、か-かる,
146,夏,10,2,4,Suinyoo,カ、[ゲ]、なつ,
147,家,10,2,4,Ukanmuri,カ、ケ、いえ、や,
148,荷,10,3,2,Kusakanmuri,カ、に,
149,華,10,7,1,Kusakanmuri,カ、[ケ]、はな,
150,菓,11,7,2,Kusakanmuri,カ,
151,貨,11,4,2,"Kai, Kaihen",カ,
152,渦,12,7,1,"Mizu, Sanzui, Shitamizu",カ、うず,
153,過,12,5,3,Shinnyoo,カ、す-ぎる、す-ごす、あやま-つ、あやま-ち,よぎ
154,嫁,13,7,1,"Onna, Onnahen",カ、よめ、とつ-ぐ,
155,暇,13,7,1,"Nichi, Nichihen",カ、ひま,いとま
156,禍,13,7,1,"Shimesu, Shimesuhen",カ,ワ
157,靴,13,7,3,"Kakunokawa, Kawahen",カ、くつ,
158,寡,14,7,1,Ukanmuri,カ,やもめ
159,歌,14,2,4,Akubi,カ、うた、うた-う,
160,箇,14,7,1,"Take, Takekanmuri",カ,
161,稼,15,7,1,"Nogi, Nogihen",カ、かせ-ぐ,
162,課,15,4,2,"Gon, Gonben",カ,
163,蚊,10,7,1,"Mushi, Mushihen",か,
164,牙,4,7,0,"Kiba, Kibahen",ガ、[ゲ]、きば,
165,瓦,5,7,0,Kawara,ガ、かわら,
166,我,7,6,1,"Hokogamae, Hokozukuri",ガ、われ、わ,
167,画,8,2,4,"Ta, Tahen",ガ、カク,エ、えが
168,芽,8,4,1,Kusakanmuri,ガ、め,
169,賀,12,5,1,"Kai, Kaihen",ガ,カ
170,雅,13,7,1,Furutori,ガ,みやび
171,餓,15,7,1,"Shoku, Shokuhen",ガ,う
172,介,4,7,2,"Hito, Ninben, Hitoyane",カイ,ケ、すけ
173,回,6,2,3,Kunigamae,カイ、[エ]、まわ-る、まわ-す,めぐ
174,灰,6,6,2,"Hi, Hihen, Renga",カイ、はい,
175,会,6,2,4,"Hito, Ninben, Hitoyane",カイ、エ、あ-う,ケ
176,快,7,5,2,"Kokoro, Risshinben, Shitagokoro",カイ、こころよ-い,
177,戒,7,7,1,"Hokogamae, Hokozukuri",カイ、いまし-める,
178,改,7,4,2,Nobun,カイ、あらた-める、あらた-まる,
179,怪,8,7,1,"Kokoro, Risshinben, Shitagokoro",カイ、あや-しい、あや-しむ,ケ
180,拐,8,7,1,Tehen,カイ,かどわか
181,悔,9,7,1,"Kokoro, Risshinben, Shitagokoro",カイ、く-いる、く-やむ、くや-しい,ゲ
182,海,9,2,4,"Mizu, Sanzui, Shitamizu",カイ、うみ,
183,界,9,3,4,"Ta, Tahen",カイ,さかい
184,皆,9,7,3,Shiro,カイ、みな,みんな
185,械,11,4,2,"Ki, Kihen",カイ,
186,絵,12,2,3,"Ito, Itohen",カイ、エ,
187,開,12,3,4,Mongamae,カイ、ひら-く、ひら-ける、あ-く、あ-ける,
188,階,12,3,2,Kozatohen,カイ,はし、しな
189,塊,13,7,1,"Tsuchi, Tsuchihen",カイ、かたまり,
190,楷,13,7,0,"Ki, Kihen",カイ,
191,解,13,5,3,"Tsuno, Tsunohen",カイ、ゲ、と-く、と-かす、と-ける,ケ
192,潰,15,7,0,"Mizu, Sanzui, Shitamizu",カイ、つぶ-す、つぶ-れる,つい
193,壊,16,7,1,"Tsuchi, Tsuchihen",カイ、こわ-す、こわ-れる,エ
194,懐,16,7,1,"Kokoro, Risshinben, Shitagokoro",カイ、ふところ、なつ-かしい、なつ-かしむ、なつ-く、なつ-ける,いだ
195,諧,16,7,0,"Gon, Gonben",カイ,
196,貝,7,1,2,"Kai, Kaihen",かい,
197,外,5,2,5,Yuube,ガイ、ゲ、そと、ほか、はず-す、はず-れる,ウイ
198,劾,8,7,1,Chikara,ガイ,
199,害,10,4,3,Ukanmuri,ガイ,
200,崖,11,7,0,"Yama, Yamahen",ガイ、がけ,
201,涯,11,7,1,"Mizu, Sanzui, Shitamizu",ガイ,
202,街,12,4,1,Gyoogamae,ガイ、[カイ]、まち,
203,慨,13,7,1,"Kokoro, Risshinben, Shitagokoro",ガイ,
204,蓋,13,7,0,Kusakanmuri,ガイ、ふた,かさ
205,該,13,7,1,"Gon, Gonben",ガイ,
206,概,14,7,1,"Ki, Kihen",ガイ,おおむ
207,骸,16,7,0,"Hone, Honehen",ガイ,むくろ
208,垣,9,7,1,"Tsuchi, Tsuchihen",かき,
209,柿,9,7,0,"Ki, Kihen",かき,シ
210,各,6,4,2,"Kuchi, Kuchihen",カク、おのおの,
211,角,7,2,2,"Tsuno, Tsunohen",カク、かど、つの,すみ、ずみ
212,拡,8,6,2,Tehen,カク,ひろ
213,革,9,6,2,"Kakunokawa, Kawahen",カク、かわ,
214,格,10,5,3,"Ki, Kihen",カク、[コウ],
215,核,10,7,1,"Ki, Kihen",カク,
216,殻,11,7,1,Rumata,カク、から,
217,郭,11,7,1,Oozato,カク,くるわ
218,覚,12,4,3,Miru,カク、おぼ-える、さ-ます、さ-める,
219,較,13,7,2,"Kuruma, Kurumahen",カク,コウ、くら
220,隔,13,7,1,Kozatohen,カク、へだ-てる、へだ-たる,
221,閣,14,6,1,Mongamae,カク,
222,確,15,5,3,"Ishi, Ishihen",カク、たし-か、たし-かめる,
223,獲,16,7,1,"Inu, Kemonohen",カク、え-る,
224,嚇,17,7,1,"Kuchi, Kuchihen",カク,
225,穫,18,7,1,"Nogi, Nogihen",カク,か
226,学,8,1,5,"Ko, Kohen",ガク、まな-ぶ,
227,岳,8,7,1,"Yama, Yamahen",ガク、たけ,
228,楽,13,2,4,"Ki, Kihen",ガク、ラク、たの-しい、たの-しむ,
229,額,18,5,2,Oogai,ガク、ひたい,ぬか
230,顎,18,7,0,Oogai,ガク、あご,
231,掛,11,7,1,Tehen,か-ける、か-かる、かかり,
232,潟,15,7,1,"Mizu, Sanzui, Shitamizu",かた,
233,括,9,7,1,Tehen,カツ,くく
234,活,9,2,3,"Mizu, Sanzui, Shitamizu",カツ,い
235,喝,11,7,1,"Kuchi, Kuchihen",カツ,
236,渇,11,7,1,"Mizu, Sanzui, Shitamizu",カツ、かわ-く,
237,割,12,6,3,"Katana, Rittoo",カツ、わ-る、わり、わ-れる、さ-く,き
238,葛,12,7,0,Kusakanmuri,カツ、くず,つづら、かずら
239,滑,13,7,1,"Mizu, Sanzui, Shitamizu",カツ、コツ、すべ-る、なめ-らか,
240,褐,13,7,1,"Koromo, Koromohen",カツ,
241,轄,17,7,1,"Kuruma, Kurumahen",カツ,
242,且,5,7,1,Ichi,か-つ,
243,株,10,6,1,"Ki, Kihen",かぶ,シュ
244,釜,10,7,0,"Kane, Kanehen",かま,プ
245,鎌,18,7,1,"Kane, Kanehen",かま,
246,刈,4,7,1,"Katana, Rittoo",か-る,
247,干,3,6,2,Ichijuu,カン、ほ-す、ひ-る,
248,刊,5,5,2,"Katana, Rittoo",カン,
249,甘,5,7,2,Amai,カン、あま-い、あま-える、あま-やかす,うま
250,汗,6,7,2,"Mizu, Sanzui, Shitamizu",カン、あせ,
251,缶,6,7,1,Hotogi,カン,
252,完,7,4,3,Ukanmuri,カン,
253,肝,7,7,1,"Niku, Nikuzuki",カン、きも,
254,官,8,4,3,Ukanmuri,カン,
255,冠,9,7,1,Wakanmuri,カン、かんむり,
256,巻,9,6,2,Onore,カン、ま-く、まき,ケン
257,看,9,6,2,"Me, Mehen",カン,み
258,陥,10,7,1,Kozatohen,カン、おちい-る、おとしい-れる,
259,乾,11,7,2,"Otsu, Otsunyoo",カン、かわ-く、かわ-かす,いぬい、ほ、ぼ
260,勘,11,7,1,Chikara,カン,
261,患,11,7,1,"Kokoro, Risshinben, Shitagokoro",カン、わずら-う,
262,貫,11,7,1,"Kai, Kaihen",カン、つらぬ-く,
263,寒,12,3,3,Ukanmuri,カン、さむ-い,
264,喚,12,7,1,"Kuchi, Kuchihen",カン,よ
265,堪,12,7,1,"Tsuchi, Tsuchihen",カン、た-える,
266,換,12,7,2,Tehen,カン、か-える、か-わる,
267,敢,12,7,1,Nobun,カン,あ
268,棺,12,7,1,"Ki, Kihen",カン,ひつぎ
269,款,12,7,1,Akubi,カン,
270,間,12,2,5,Mongamae,カン、ケン、あいだ、ま,あ、か、い
271,閑,12,7,1,Mongamae,カン,ひま、な
272,勧,13,7,1,Chikara,カン、すす-める,
273,寛,13,7,1,Ukanmuri,カン,ひろ
274,幹,13,5,1,Ichijuu,カン、みき,
275,感,13,3,3,"Kokoro, Risshinben, Shitagokoro",カン,
276,漢,13,3,4,"Mizu, Sanzui, Shitamizu",カン,
277,慣,14,5,3,"Kokoro, Risshinben, Shitagokoro",カン、な-れる、な-らす,
278,管,14,4,2,"Take, Takekanmuri",カン、くだ,
279,関,14,4,3,Mongamae,カン、せき、かか-わる,
280,歓,15,7,1,Akubi,カン,よろこ
281,監,15,7,1,Sara,カン,ケン、ゲン
282,緩,15,7,1,"Ito, Itohen",カン、ゆる-い、ゆる-やか、ゆる-む、ゆる-める,
283,憾,16,7,1,"Kokoro, Risshinben, Shitagokoro",カン,
284,還,16,7,1,Shinnyoo,カン,ゲン、かえ
285,館,16,3,4,"Shoku, Shokuhen",カン、やかた,たち、たて、だて
286,環,17,7,2,"Tama, Oo",カン,たまき
287,簡,18,6,2,"Take, Takekanmuri",カン,ケン
288,観,18,4,3,Miru,カン,み
289,韓,18,7,0,Nameshigawa,カン,から
290,艦,21,7,1,"Fune, Funehen",カン,
291,鑑,23,7,1,"Kane, Kanehen",カン、かんが-みる,かがみ
292,丸,3,2,2,Ten,ガン、まる、まる-い、まる-める,
293,含,7,7,2,"Kuchi, Kuchihen",ガン、ふく-む、ふく-める,ゴン
294,岸,8,3,2,"Yama, Yamahen",ガン、きし,
295,岩,8,2,2,"Yama, Yamahen",ガン、いわ,
296,玩,8,7,0,"Tama, Oo",ガン,
297,眼,11,5,1,"Me, Mehen",ガン、[ゲン]、まなこ,め
298,頑,13,7,1,Oogai,ガン,
299,顔,18,2,3,Oogai,ガン、かお,
300,願,19,4,3,Oogai,ガン、ねが-う,
301,企,6,7,1,"Hito, Ninben, Hitoyane",キ、くわだ-てる,
302,伎,6,7,1,"Hito, Ninben, Hitoyane",キ,
303,危,6,6,3,"Fushizukuri, Warifu",キ、あぶ-ない、あや-うい、あや-ぶむ,
304,机,6,6,2,"Ki, Kihen",キ、つくえ,
305,気,6,1,5,Kigamae,キ、ケ,いき
306,岐,7,7,1,"Yama, Yamahen",キ,
307,希,7,4,2,"Haba, Kinben",キ,ケ、こいねが、まれ
308,忌,7,7,1,"Kokoro, Risshinben, Shitagokoro",キ、い-む、い-まわしい,
309,汽,7,2,1,"Mizu, Sanzui, Shitamizu",キ,
310,奇,8,7,1,Dai,キ,く
311,祈,8,7,2,"Shimesu, Shimesuhen",キ、いの-る,
312,季,8,4,2,"Ko, Kohen",キ,すえ
313,紀,9,4,1,"Ito, Itohen",キ,おさ、のり
314,軌,9,7,1,"Kuruma, Kurumahen",キ,
315,既,10,7,1,Munyoo,キ、すで-に,
316,記,10,2,3,"Gon, Gonben",キ、しる-す,
317,起,10,3,4,"Hashiru, Soonyoo",キ、お-きる、お-こる、お-こす,た
318,飢,10,7,1,"Shoku, Shokuhen",キ、う-える,
319,鬼,10,7,1,"Oni, Kinyoo",キ、おに,
320,帰,10,2,4,"Haba, Kinben",キ、かえ-る、かえ-す,
321,基,11,5,2,"Tsuchi, Tsuchihen",キ、もと、もとい,
322,寄,11,5,3,Ukanmuri,キ、よ-る、よ-せる,
323,規,11,5,3,Miru,キ,ぶんまわし、のり、ただ
324,亀,11,7,1,"Otsu, Otsunyoo",キ、かめ,
325,喜,12,4,3,"Kuchi, Kuchihen",キ、よろこ-ぶ,
326,幾,12,7,1,Itogashira,キ、いく,
327,揮,12,6,1,Tehen,キ,
328,期,12,3,3,"Tsuki, Tsukihen",キ、[ゴ],
329,棋,12,7,1,"Ki, Kihen",キ,
330,貴,12,6,1,"Kai, Kaihen",キ、たっと-い、とうと-い、たっと-ぶ、とうと-ぶ,
331,棄,13,7,1,"Ki, Kihen",キ,す
332,毀,13,7,0,Rumata,キ,
333,旗,14,4,1,"Hoo, Hoohen",キ、はた,
334,器,15,4,1,"Kuchi, Kuchihen",キ、うつわ,
335,畿,15,7,0,"Ta, Tahen",キ,
336,輝,15,7,1,"Kuruma, Kurumahen",キ、かがや-く,て
337,機,16,4,3,"Ki, Kihen",キ、はた,
338,騎,18,7,1,"Uma, Umahen",キ,
339,技,7,5,2,Tehen,ギ、わざ,
340,宜,8,7,1,Ukanmuri,ギ,よろ、むべ
341,偽,11,7,1,"Hito, Ninben, Hitoyane",ギ、いつわ-る、にせ,
342,欺,12,7,1,Akubi,ギ、あざむ-く,
343,義,13,5,1,Hitsuji,ギ,よ
344,疑,14,6,3,Hiki,ギ、うたが-う,
345,儀,15,7,1,"Hito, Ninben, Hitoyane",ギ,
346,戯,15,7,1,"Hokogamae, Hokozukuri",ギ、たわむ-れる,ゲ、ざ
347,擬,17,7,1,Tehen,ギ,
348,犠,17,7,1,"Ushi, Ushihen",ギ,
349,議,20,4,3,"Gon, Gonben",ギ,
350,菊,11,7,1,Kusakanmuri,キク,
351,吉,6,7,1,"Kuchi, Kuchihen",キチ、キツ,よ
352,喫,12,7,2,"Kuchi, Kuchihen",キツ,
353,詰,13,7,2,"Gon, Gonben",キツ、つ-める、つ-まる、つ-む,なじ
354,却,7,7,1,"Fushizukuri, Warifu",キャク,かえ
355,客,9,3,3,Ukanmuri,キャク、カク,
356,脚,11,7,1,"Niku, Nikuzuki",キャク、[キャ]、あし,
357,逆,9,5,2,Shinnyoo,ギャク、さか、さか-らう,ゲキ
358,虐,9,7,1,Toragashira,ギャク、しいた-げる,
359,九,2,1,5,"Otsu, Otsunyoo",キュウ、ク、ここの、ここの-つ,
360,久,3,5,2,No,キュウ、[ク]、ひさ-しい,
361,及,3,7,1,No,キュウ、およ-ぶ、およ-び、およ-ぼす,
362,弓,3,2,1,"Yumi, Yumihen",キュウ、ゆみ,
363,丘,5,7,1,Ichi,キュウ、おか,ク
364,旧,5,5,2,"Nichi, Nichihen",キュウ,ふる
365,休,6,1,5,"Hito, Ninben, Hitoyane",キュウ、やす-む、やす-まる、やす-める,
366,吸,6,6,3,"Kuchi, Kuchihen",キュウ、す-う,
367,朽,6,7,1,"Ki, Kihen",キュウ、く-ちる,
368,臼,6,7,0,Usu,キュウ、うす,
369,求,7,4,3,"Mizu, Sanzui, Shitamizu",キュウ、もと-める,グ
370,究,7,3,4,"Ana, Anakanmuri",キュウ、きわ-める,ク
371,泣,8,4,1,"Mizu, Sanzui, Shitamizu",キュウ、な-く,
372,急,9,3,4,"Kokoro, Risshinben, Shitagokoro",キュウ、いそ-ぐ,
373,級,9,3,1,"Ito, Itohen",キュウ,しな
374,糾,9,7,1,"Ito, Itohen",キュウ,ただ
375,宮,10,3,1,Ukanmuri,キュウ、グウ、[ク]、みや,
376,救,11,4,1,Nobun,キュウ、すく-う,ク
377,球,11,3,3,"Tama, Oo",キュウ、たま,
378,給,12,4,3,"Ito, Itohen",キュウ,たま
379,嗅,13,7,0,"Kuchi, Kuchihen",キュウ、か-ぐ,
380,窮,15,7,1,"Ana, Anakanmuri",キュウ、きわ-める、きわ-まる,
381,牛,4,2,4,"Ushi, Ushihen",ギュウ、うし,ゴ
382,去,5,3,4,Mu,キョ、コ、さ-る,
383,巨,5,7,2,Hakogamae,キョ,コ
384,居,8,5,3,Shikabane,キョ、い-る,コ、ゴ、お
385,拒,8,7,1,Tehen,キョ、こば-む,
386,拠,8,7,1,Tehen,キョ、コ,よりどころ、よ
387,挙,10,4,1,Te,キョ、あ-げる、あ-がる,コ
388,虚,11,7,1,Toragashira,キョ、[コ],むな
389,許,11,5,3,"Gon, Gonben",キョ、ゆる-す,コ、もと
390,距,12,7,1,"Ashi, Ashihen",キョ,
391,魚,11,2,4,"Uo, Uohen",ギョ、うお、さかな,
392,御,12,7,3,Gyooninben,ギョ、ゴ、おん,おさ、お、み
393,漁,14,4,2,"Mizu, Sanzui, Shitamizu",ギョ、リョウ,すなど、あさ
394,凶,4,7,1,Ukebako,キョウ,
395,共,6,4,3,Hachi,キョウ、とも,
396,叫,6,7,2,"Kuchi, Kuchihen",キョウ、さけ-ぶ,
397,狂,7,7,1,"Inu, Kemonohen",キョウ、くる-う、くる-おしい,
398,京,8,2,4,Nabebuta,キョウ、ケイ,キン
399,享,8,7,1,Nabebuta,キョウ,
400,供,8,6,3,"Hito, Ninben, Hitoyane",キョウ、[ク]、そな-える、とも,
401,協,8,4,2,Juu,キョウ,
402,況,8,7,2,"Mizu, Sanzui, Shitamizu",キョウ,
403,峡,9,7,1,"Yama, Yamahen",キョウ,
404,挟,9,7,2,Tehen,キョウ、はさ-む、はさ-まる,さしはさ
405,狭,9,7,1,"Inu, Kemonohen",キョウ、せま-い、せば-める、せば-まる,さ
406,恐,10,7,3,"Kokoro, Risshinben, Shitagokoro",キョウ、おそ-れる、おそ-ろしい,
407,恭,10,7,1,"Kokoro, Risshinben, Shitagokoro",キョウ、うやうや-しい,ク
408,胸,10,6,2,"Niku, Nikuzuki",キョウ、むね、[むな],
409,脅,10,7,1,"Niku, Nikuzuki",キョウ、おびや-かす、おど-す、おど-かす,おび
410,強,11,2,4,"Yumi, Yumihen",キョウ、ゴウ、つよ-い、つよ-まる、つよ-める、し-いる,こわ、ごわ
411,教,11,2,4,Nobun,キョウ、おし-える、おそ-わる,し
412,郷,11,6,1,Oozato,キョウ、ゴウ,さと
413,境,14,5,2,"Tsuchi, Tsuchihen",キョウ、[ケイ]、さかい,
414,橋,16,3,2,"Ki, Kihen",キョウ、はし,
415,矯,17,7,1,"Ya, Yahen",キョウ、た-める,
416,鏡,19,4,1,"Kane, Kanehen",キョウ、かがみ,
417,競,20,4,2,Tatsu,キョウ、ケイ、きそ-う、せ-る,
418,響,20,7,1,Oto,キョウ、ひび-く,
419,驚,22,7,1,"Uma, Umahen",キョウ、おどろ-く、おどろ-かす,
420,仰,6,7,1,"Hito, Ninben, Hitoyane",ギョウ、[コウ]、あお-ぐ、おお-せ,
421,暁,12,7,1,"Nichi, Nichihen",ギョウ、あかつき,キョウ
422,業,13,3,4,"Ki, Kihen",ギョウ、ゴウ、わざ,
423,凝,16,7,1,Nisui,ギョウ、こ-る、こ-らす,
424,曲,6,3,3,Hirabi,キョク、ま-がる、ま-げる,くせ
425,局,7,3,3,Shikabane,キョク,つぼね
426,極,12,4,2,"Ki, Kihen",キョク、ゴク、きわ-める、きわ-まる、きわ-み,
427,玉,5,1,2,"Tama, Oo",ギョク、たま,
428,巾,3,7,0,"Haba, Kinben",キン,はば
429,斤,4,7,1,"Kin, Onozukuri",キン,
430,均,7,5,2,"Tsuchi, Tsuchihen",キン,ひと
431,近,7,2,4,Shinnyoo,キン、ちか-い,ゴン、コン
432,金,8,1,5,"Kane, Kanehen",キン、コン、かね、[かな],こがね
433,菌,11,7,1,Kusakanmuri,キン,
434,勤,12,6,3,Chikara,キン、[ゴン]、つと-める、つと-まる,
435,琴,12,7,1,"Tama, Oo",キン、こと,ゴン
436,筋,12,6,1,"Take, Takekanmuri",キン、すじ,
437,僅,13,7,0,"Hito, Ninben, Hitoyane",キン、わず-か,
438,禁,13,5,2,"Shimesu, Shimesuhen",キン,
439,緊,15,7,1,"Ito, Itohen",キン,し
440,錦,16,7,1,"Kane, Kanehen",キン、にしき,
441,謹,17,7,1,"Gon, Gonben",キン、つつし-む,
442,襟,18,7,1,"Koromo, Koromohen",キン、えり,
443,吟,7,7,1,"Kuchi, Kuchihen",ギン,
444,銀,14,3,4,"Kane, Kanehen",ギン,
445,区,4,3,3,Kakushigamae,ク,
446,句,5,5,1,"Kuchi, Kuchihen",ク,
447,苦,8,3,3,Kusakanmuri,ク、くる-しい、くる-しむ、くる-しめる、にが-い、にが-る,コ
448,駆,14,7,1,"Uma, Umahen",ク、か-ける、か-る,
449,具,8,3,3,Hachi,グ,ク、つぶさ、そな、とも
450,惧,11,7,0,"Kokoro, Risshinben, Shitagokoro",グ,
451,愚,13,7,1,"Kokoro, Risshinben, Shitagokoro",グ、おろ-か,
452,空,8,1,4,"Ana, Anakanmuri",クウ、そら、あ-く、あ-ける、から,むな
453,偶,11,7,3,"Hito, Ninben, Hitoyane",グウ,
454,遇,12,7,1,Shinnyoo,グウ,あ
455,隅,12,7,2,Kozatohen,グウ、すみ,
456,串,7,7,0,"Bou, Tatebou",くし,
457,屈,8,7,1,Shikabane,クツ,かが
458,掘,11,7,2,Tehen,クツ、ほ-る,
459,窟,13,7,0,"Ana, Anakanmuri",クツ,
460,熊,14,7,1,"Hi, Hihen, Renga",くま,ユウ
461,繰,19,7,1,"Ito, Itohen",く-る,
462,君,7,3,3,"Kuchi, Kuchihen",クン、きみ,
463,訓,10,4,2,"Gon, Gonben",クン,キン
464,勲,15,7,1,Chikara,クン,いさお
465,薫,16,7,1,Kusakanmuri,クン、かお-る,
466,軍,9,4,2,"Kuruma, Kurumahen",グン,いくさ
467,郡,10,4,1,Oozato,グン,こおり、ごおり
468,群,13,5,2,Hitsuji,グン、む-れる、む-れ、[むら],
469,兄,5,2,4,Hitoashi,ケイ、[キョウ]、あに,
470,刑,6,7,1,"Katana, Rittoo",ケイ,ギョウ
471,形,7,2,3,Sanzukuri,ケイ、ギョウ、かた、かたち,
472,系,7,6,1,"Ito, Itohen",ケイ,
473,径,8,4,1,Gyooninben,ケイ,みち
474,茎,8,7,1,Kusakanmuri,ケイ、くき,
475,係,9,3,3,"Hito, Ninben, Hitoyane",ケイ、かか-る、かかり,
476,型,9,4,2,"Tsuchi, Tsuchihen",ケイ、かた,
477,契,9,7,1,Dai,ケイ、ちぎ-る,
478,計,9,2,4,"Gon, Gonben",ケイ、はか-る、はか-らう,ケ、ゲ
479,恵,10,7,2,"Kokoro, Risshinben, Shitagokoro",ケイ、エ、めぐ-む,
480,啓,11,7,1,"Kuchi, Kuchihen",ケイ,
481,掲,11,7,1,Tehen,ケイ、かか-げる,
482,渓,11,7,1,"Mizu, Sanzui, Shitamizu",ケイ,ケ、たに
483,経,11,5,3,"Ito, Itohen",ケイ、キョウ、へ-る,キン、たていと、たて、つね
484,蛍,11,7,1,"Mushi, Mushihen",ケイ、ほたる,
485,敬,12,6,2,Nobun,ケイ、うやま-う,キョウ
486,景,12,4,3,"Nichi, Nichihen",ケイ,キョウ、かげ
487,軽,12,3,3,"Kuruma, Kurumahen",ケイ、かる-い、かろ-やか,キン
488,傾,13,7,2,"Hito, Ninben, Hitoyane",ケイ、かたむ-く、かたむ-ける,
489,携,13,7,1,Tehen,ケイ、たずさ-える、たずさ-わる,
490,継,13,7,1,"Ito, Itohen",ケイ、つ-ぐ,ケ
491,詣,13,7,0,"Gon, Gonben",ケイ、もう-でる,
492,慶,15,7,1,"Kokoro, Risshinben, Shitagokoro",ケイ,よろこ
493,憬,15,7,0,"Kokoro, Risshinben, Shitagokoro",ケイ,
494,稽,15,7,0,"Nogi, Nogihen",ケイ,
495,憩,16,7,1,"Kokoro, Risshinben, Shitagokoro",ケイ、いこ-い、いこ-う,
496,警,19,6,3,"Gon, Gonben",ケイ,キョウ
497,鶏,19,7,1,Tori,ケイ、にわとり,どり
498,芸,7,4,2,Kusakanmuri,ゲイ,ゲ
499,迎,7,7,3,Shinnyoo,ゲイ、むか-える,
500,鯨,19,7,1,"Uo, Uohen",ゲイ、くじら,
501,隙,13,7,0,Kozatohen,ゲキ、すき,ひま
502,劇,15,6,2,"Katana, Rittoo",ゲキ,はげ
503,撃,15,7,1,Te,ゲキ、う-つ,
504,激,16,6,1,"Mizu, Sanzui, Shitamizu",ゲキ、はげ-しい,
505,桁,10,7,0,"Ki, Kihen",けた,コウ
506,欠,4,4,3,Akubi,ケツ、か-ける、か-く,あくび
507,穴,5,6,1,"Ana, Anakanmuri",ケツ、あな,
508,血,6,3,2,Chi,ケツ、ち,
509,決,7,3,3,"Mizu, Sanzui, Shitamizu",ケツ、き-める、き-まる,
510,結,12,4,1,"Ito, Itohen",ケツ、むす-ぶ、ゆ-う、ゆ-わえる,ケチ
511,傑,13,7,1,"Hito, Ninben, Hitoyane",ケツ,
512,潔,15,5,1,"Mizu, Sanzui, Shitamizu",ケツ、いさぎよ-い,きよ
513,月,4,1,5,"Tsuki, Tsukihen",ゲツ、ガツ、つき,
514,犬,4,1,4,"Inu, Kemonohen",ケン、いぬ,
515,件,6,5,3,"Hito, Ninben, Hitoyane",ケン,
516,見,7,1,5,Miru,ケン、み-る、み-える、み-せる,まみ、ら
517,券,8,5,2,"Katana, Rittoo",ケン,
518,肩,8,7,2,"Niku, Nikuzuki",ケン、かた,
519,建,9,4,4,Ennyoo,ケン、[コン]、た-てる、た-つ,
520,研,9,3,4,"Ishi, Ishihen",ケン、と-ぐ,みが
521,県,9,3,3,"Me, Mehen",ケン,あがた、か、が
522,倹,10,7,1,"Hito, Ninben, Hitoyane",ケン,
523,兼,10,7,1,Hachi,ケン、か-ねる,
524,剣,10,7,1,"Katana, Rittoo",ケン、つるぎ,
525,拳,10,7,1,Tehen,ケン、こぶし,
526,軒,10,7,2,"Kuruma, Kurumahen",ケン、のき,
527,健,11,4,2,"Hito, Ninben, Hitoyane",ケン、すこ-やか,たけ
528,険,11,5,3,Kozatohen,ケン、けわ-しい,
529,圏,12,7,1,Kunigamae,ケン,
530,堅,12,7,1,"Tsuchi, Tsuchihen",ケン、かた-い,
531,検,12,5,1,"Ki, Kihen",ケン,
532,嫌,13,7,1,"Onna, Onnahen",ケン、[ゲン]、きら-う、いや,
533,献,13,7,1,"Inu, Kemonohen",ケン、[コン],
534,絹,13,6,1,"Ito, Itohen",ケン、きぬ,
535,遣,13,7,1,Shinnyoo,ケン、つか-う、つか-わす,や
536,権,15,6,3,"Ki, Kihen",ケン、[ゴン],
537,憲,16,6,1,"Kokoro, Risshinben, Shitagokoro",ケン,のり
538,賢,16,7,2,"Kai, Kaihen",ケン、かしこ-い,
539,謙,17,7,1,"Gon, Gonben",ケン,へりくだ
540,鍵,17,7,0,"Kane, Kanehen",ケン、かぎ,
541,繭,18,7,1,"Ito, Itohen",ケン、まゆ,
542,顕,18,7,1,Oogai,ケン,あらわ、あき
543,験,18,4,4,"Uma, Umahen",ケン、[ゲン],しるし
544,懸,20,7,1,"Kokoro, Risshinben, Shitagokoro",ケン、[ケ]、か-ける、か-かる,
545,元,4,2,4,Hitoashi,ゲン、ガン、もと,はじ
546,幻,4,7,1,Itogashira,ゲン、まぼろし,
547,玄,5,7,1,Gen,ゲン,くろ
548,言,7,2,4,"Gon, Gonben",ゲン、ゴン、い-う、こと,
549,弦,8,7,1,"Yumi, Yumihen",ゲン、つる,
550,限,9,5,3,Kozatohen,ゲン、かぎ-る,
551,原,10,2,3,Gandare,ゲン、はら,
552,現,11,5,3,"Tama, Oo",ゲン、あらわ-れる、あらわ-す,うつつ
553,舷,11,7,0,"Fune, Funehen",ゲン,ふなばた
554,減,12,5,2,"Mizu, Sanzui, Shitamizu",ゲン、へ-る、へ-らす,
555,源,13,6,1,"Mizu, Sanzui, Shitamizu",ゲン、みなもと,
556,厳,17,6,1,Tsukanmuri,ゲン、[ゴン]、おごそ-か、きび-しい,
557,己,3,6,1,Onore,コ、キ、おのれ,
558,戸,4,2,2,"To, Tokanmuri",コ、と,
559,古,5,2,4,"Kuchi, Kuchihen",コ、ふる-い、ふる-す,いにしえ
560,呼,8,6,3,"Kuchi, Kuchihen",コ、よ-ぶ,
561,固,8,4,2,Kunigamae,コ、かた-める、かた-まる、かた-い,
562,股,8,7,0,"Niku, Nikuzuki",コ、また,もも
563,虎,8,7,1,Toragashira,コ、とら,
564,孤,9,7,1,"Ko, Kohen",コ,
565,弧,9,7,1,"Yumi, Yumihen",コ,
566,故,9,5,2,Nobun,コ、ゆえ,ふる
567,枯,9,7,2,"Ki, Kihen",コ、か-れる、か-らす,
568,個,10,5,2,"Hito, Ninben, Hitoyane",コ,カ
569,庫,10,3,2,Madare,コ、[ク],
570,湖,12,3,2,"Mizu, Sanzui, Shitamizu",コ、みずうみ,
571,雇,12,7,2,Furutori,コ、やと-う,
572,誇,13,7,1,"Gon, Gonben",コ、ほこ-る,
573,鼓,13,7,1,Tsuzumi,コ、つづみ,
574,錮,16,7,0,"Kane, Kanehen",コ,
575,顧,21,7,1,Oogai,コ、かえり-みる,
576,五,4,1,5,Ni,ゴ、いつ、いつ-つ,
577,互,4,7,3,Ni,ゴ、たが-い,
578,午,4,2,5,Juu,ゴ,うま
579,呉,7,7,1,"Kuchi, Kuchihen",ゴ,くれ
580,後,9,2,5,Gyooninben,ゴ、コウ、のち、うし-ろ、あと、おく-れる,
581,娯,10,7,1,"Onna, Onnahen",ゴ,
582,悟,10,7,1,"Kokoro, Risshinben, Shitagokoro",ゴ、さと-る,
583,碁,13,7,1,"Ishi, Ishihen",ゴ,キ
584,語,14,2,5,"Gon, Gonben",ゴ、かた-る、かた-らう,
585,誤,14,6,3,"Gon, Gonben",ゴ、あやま-る,
586,護,20,5,1,"Gon, Gonben",ゴ,まも
587,口,3,1,4,"Kuchi, Kuchihen",コウ、ク、くち,
588,工,3,2,4,"E, Takumihen",コウ、ク,たくみ
589,公,4,2,2,Hachi,コウ、おおやけ,ク、グ、きみ
590,勾,4,7,0,Tsutsumigamae,コウ,ま
591,孔,4,7,1,"Ko, Kohen",コウ,ク、あな
592,功,5,4,1,Chikara,コウ、[ク],いさお
593,巧,5,7,1,"E, Takumihen",コウ、たく-み,
594,広,5,2,4,Madare,コウ、ひろ-い、ひろ-まる、ひろ-める、ひろ-がる、ひろ-げる,
595,甲,5,7,1,"Ta, Tahen",コウ、カン,きのえ、かぶと
596,交,6,2,3,Nabebuta,コウ、まじ-わる、まじ-える、ま-じる、ま-ざる、ま-ぜる、か-う、か-わす,
597,光,6,2,3,Hitoashi,コウ、ひか-る、ひかり,
598,向,6,3,3,"Kuchi, Kuchihen",コウ、む-く、む-ける、む-かう、む-こう,キョウ、さき
599,后,6,6,1,"Kuchi, Kuchihen",コウ,ゴ、きさき
600,好,6,4,3,"Onna, Onnahen",コウ、この-む、す-く,よしみ、よ
601,江,6,7,1,"Mizu, Sanzui, Shitamizu",コウ、え,
602,考,6,2,4,Oikanmuri,コウ、かんが-える,
603,行,6,2,5,Gyoogamae,コウ、ギョウ、[アン]、い-く、ゆ-く、おこな-う,
604,坑,7,7,1,"Tsuchi, Tsuchihen",コウ,あな
605,孝,7,6,1,"Ko, Kohen",コウ,
606,抗,7,7,1,Tehen,コウ,あ
607,攻,7,7,1,Nobun,コウ、せ-める,おさ
608,更,7,7,3,Hirabi,コウ、さら、ふ-ける、ふ-かす,が
609,効,8,5,2,Chikara,コウ、き-く,
610,幸,8,3,3,Ichijuu,コウ、さいわ-い、さち、しあわ-せ,みゆき
611,拘,8,7,1,Tehen,コウ,かかわ
612,肯,8,7,2,"Niku, Nikuzuki",コウ,
613,侯,9,7,1,"Hito, Ninben, Hitoyane",コウ,
614,厚,9,5,2,Gandare,コウ、あつ-い,
615,恒,9,7,1,"Kokoro, Risshinben, Shitagokoro",コウ,つね、づね
616,洪,9,7,1,"Mizu, Sanzui, Shitamizu",コウ,
617,皇,9,6,1,Shiro,コウ、オウ,すめらぎ
618,紅,9,6,2,"Ito, Itohen",コウ、[ク]、べに、くれない,
619,荒,9,7,2,Kusakanmuri,コウ、あら-い、あ-れる、あ-らす,すさ
620,郊,9,7,2,Oozato,コウ,
621,香,9,7,2,Kaori,コウ、[キョウ]、か、かお-り、かお-る,
622,候,10,4,3,"Hito, Ninben, Hitoyane",コウ、そうろう,そうろ
623,校,10,1,5,"Ki, Kihen",コウ,ギョウ
624,耕,10,5,2,Sukihen,コウ、たがや-す,
625,航,10,4,2,"Fune, Funehen",コウ,
626,貢,10,7,1,"Kai, Kaihen",コウ、[ク]、みつ-ぐ,
627,降,10,6,3,Kozatohen,コウ、お-りる、お-ろす、ふ-る,くだ
628,高,10,2,5,Takai,コウ、たか-い、たか、たか-まる、たか-める,
629,康,11,4,2,Madare,コウ,やす
630,控,11,7,1,Tehen,コウ、ひか-える,
631,梗,11,7,0,"Ki, Kihen",コウ,
632,黄,11,2,2,"Ki, Kiiro",コウ、オウ、き、[こ],
633,喉,12,7,0,"Kuchi, Kuchihen",コウ、のど,
634,慌,12,7,0,"Kokoro, Risshinben, Shitagokoro",コウ、あわ-てる、あわ-ただしい,
635,港,12,3,3,"Mizu, Sanzui, Shitamizu",コウ、みなと,
636,硬,12,7,2,"Ishi, Ishihen",コウ、かた-い,
637,絞,12,7,1,"Ito, Itohen",コウ、しぼ-る、し-める、し-まる,
638,項,12,7,1,Oogai,コウ,うなじ
639,溝,13,7,1,"Mizu, Sanzui, Shitamizu",コウ、みぞ,
640,鉱,13,5,2,"Kane, Kanehen",コウ,あらがね
641,構,14,5,3,"Ki, Kihen",コウ、かま-える、かま-う,
642,綱,14,7,1,"Ito, Itohen",コウ、つな,
643,酵,14,7,1,"Tori, Torihen",コウ,
644,稿,15,7,1,"Nogi, Nogihen",コウ,
645,興,16,5,1,Usu,コウ、キョウ、おこ-る、おこ-す,お
646,衡,16,7,1,Gyoogamae,コウ,
647,鋼,16,6,1,"Kane, Kanehen",コウ、はがね,
648,講,17,5,2,"Gon, Gonben",コウ,
649,購,17,7,1,"Kai, Kaihen",コウ,あがな
650,乞,3,7,0,"Otsu, Otsunyoo",こ-う,
651,号,5,3,3,"Kuchi, Kuchihen",ゴウ,
652,合,6,2,3,"Kuchi, Kuchihen",ゴウ、ガッ、[カッ]、あ-う、あ-わす、あ-わせる,コウ
653,拷,9,7,1,Tehen,ゴウ,
654,剛,10,7,1,"Katana, Rittoo",ゴウ,コウ、つよ
655,傲,13,7,0,"Hito, Ninben, Hitoyane",ゴウ,おご
656,豪,14,7,1,Inoko,ゴウ,つよ
657,克,7,7,1,Hitoashi,コク,か、よ
658,告,7,4,3,"Kuchi, Kuchihen",コク、つ-げる,
659,谷,7,2,2,Tani,コク、たに,きわ
660,刻,8,6,3,"Katana, Rittoo",コク、きざ-む,
661,国,8,2,5,Kunigamae,コク、くに,
662,黒,11,2,4,Kuro,コク、くろ、くろ-い,
663,穀,14,6,1,"Nogi, Nogihen",コク,
664,酷,14,7,1,"Tori, Torihen",コク,きび
665,獄,14,7,1,"Inu, Kemonohen",ゴク,ひとや
666,骨,10,6,2,"Hone, Honehen",コツ、ほね,
667,駒,15,7,1,"Uma, Umahen",こま,ク
668,込,5,7,3,Shinnyoo,こ-む、こ-める,
669,頃,11,7,0,Oogai,ころ,ケイ
670,今,4,2,5,"Hito, Ninben, Hitoyane",コン、キン、いま,
671,困,7,6,3,Kunigamae,コン、こま-る,
672,昆,8,7,1,"Nichi, Nichihen",コン,
673,恨,9,7,1,"Kokoro, Risshinben, Shitagokoro",コン、うら-む、うら-めしい,
674,根,10,3,2,"Ki, Kihen",コン、ね,
675,婚,11,7,3,"Onna, Onnahen",コン,
676,混,11,5,2,"Mizu, Sanzui, Shitamizu",コン、ま-じる、ま-ざる、ま-ぜる、こ-む,
677,痕,11,7,0,Yamaidare,コン、あと,
678,紺,11,7,1,"Ito, Itohen",コン,
679,魂,14,7,1,"Oni, Kinyoo",コン、たましい,
680,墾,16,7,1,"Tsuchi, Tsuchihen",コン,
681,懇,17,7,1,"Kokoro, Risshinben, Shitagokoro",コン、ねんご-ろ,
682,左,5,1,5,"E, Takumihen",サ、ひだり,
683,佐,7,7,1,"Hito, Ninben, Hitoyane",サ,たす
684,沙,7,7,1,"Mizu, Sanzui, Shitamizu",サ,シャ、すな
685,査,9,5,2,"Ki, Kihen",サ,
686,砂,9,6,2,"Ishi, Ishihen",サ、シャ、すな,
687,唆,10,7,1,"Kuchi, Kuchihen",サ、そそのか-す,
688,差,10,4,3,"E, Takumihen",サ、さ-す,
689,詐,12,7,1,"Gon, Gonben",サ,いつわ
690,鎖,18,7,1,"Kane, Kanehen",サ、くさり,と
691,座,10,6,3,Madare,ザ、すわ-る,サ、くら、ぐら
692,挫,10,7,0,Tehen,ザ,くじ
693,才,3,2,3,Tehen,サイ,
694,再,6,5,2,Doogamae,サイ、[サ]、ふたた-び,
695,災,7,5,1,"Hi, Hihen, Renga",サイ、わざわ-い,
696,妻,8,5,3,"Onna, Onnahen",サイ、つま,め
697,采,8,7,1,Nogome,サイ,
698,砕,9,7,1,"Ishi, Ishihen",サイ、くだ-く、くだ-ける,
699,宰,10,7,1,Ukanmuri,サイ,
700,栽,10,7,1,"Ki, Kihen",サイ,
701,彩,11,7,1,Sanzukuri,サイ、いろど-る,
702,採,11,5,2,Tehen,サイ、と-る,
703,済,11,6,3,"Mizu, Sanzui, Shitamizu",サイ、す-む、す-ます,セイ、わた
704,祭,11,3,2,"Shimesu, Shimesuhen",サイ、まつ-る、まつ-り,
705,斎,11,7,1,Sei,サイ,いつき、とき
706,細,11,2,2,"Ito, Itohen",サイ、ほそ-い、ほそ-る、こま-か、こま-かい,ささ
707,菜,11,4,3,Kusakanmuri,サイ、な,
708,最,12,4,3,Hirabi,サイ、もっと-も,
709,裁,12,6,1,"Koromo, Koromohen",サイ、た-つ、さば-く,
710,債,13,7,1,"Hito, Ninben, Hitoyane",サイ,
711,催,13,7,1,"Hito, Ninben, Hitoyane",サイ、もよお-す,
712,塞,13,7,0,"Tsuchi, Tsuchihen",サイ、ソク、ふさ-ぐ、ふさ-がる,
713,歳,13,7,3,Tomeru,サイ、[セイ],とし
714,載,13,7,1,"Kuruma, Kurumahen",サイ、の-せる、の-る,
715,際,14,5,3,Kozatohen,サイ、きわ,
716,埼,11,7,0,"Tsuchi, Tsuchihen",[さい],さき、ざき
717,在,6,5,3,"Tsuchi, Tsuchihen",ザイ、あ-る,
718,材,7,4,2,"Ki, Kihen",ザイ,
719,剤,10,7,1,"Katana, Rittoo",ザイ,
720,財,10,5,3,"Kai, Kaihen",ザイ、[サイ],たから
721,罪,13,5,3,Amigashira,ザイ、つみ,
722,崎,11,7,1,"Yama, Yamahen",さき,キ
723,作,7,2,4,"Hito, Ninben, Hitoyane",サク、サ、つく-る,
724,削,9,7,1,"Katana, Rittoo",サク、けず-る,
725,昨,9,4,3,"Nichi, Nichihen",サク,きのう
726,柵,9,7,0,"Ki, Kihen",サク,しがらみ
727,索,10,7,1,"Ito, Itohen",サク,
728,策,12,6,1,"Take, Takekanmuri",サク,
729,酢,12,7,1,"Tori, Torihen",サク、す,
730,搾,13,7,1,Tehen,サク、しぼ-る,
731,錯,16,7,1,"Kane, Kanehen",サク,
732,咲,9,7,2,"Kuchi, Kuchihen",さ-く,
733,冊,5,6,2,Doogamae,サツ、サク,
734,札,5,4,2,"Ki, Kihen",サツ、ふだ,
735,刷,8,4,2,"Katana, Rittoo",サツ、す-る,はけ、ばけ
736,刹,8,7,0,"Katana, Rittoo",サツ、セツ,
737,拶,9,7,0,Tehen,サツ,
738,殺,10,4,3,Rumata,サツ、[サイ]、[セツ]、ころ-す,
739,察,14,4,3,Ukanmuri,サツ,
740,撮,15,7,1,Tehen,サツ、と-る,つま
741,擦,17,7,1,Tehen,サツ、す-る、す-れる,こす
742,雑,14,5,3,Furutori,ザツ、ゾウ,
743,皿,5,3,2,Sara,さら,
744,三,3,1,5,Ichi,サン、み、み-つ、みっ-つ,
745,山,3,1,5,"Yama, Yamahen",サン、やま,セン、ゼン
746,参,8,4,3,Mu,サン、まい-る,
747,桟,10,7,1,"Ki, Kihen",サン,さじき
748,蚕,10,6,1,"Mushi, Mushihen",サン、かいこ,ごかい
749,惨,11,7,1,"Kokoro, Risshinben, Shitagokoro",サン、ザン、みじ-め,
750,産,11,4,3,Umareru,サン、う-む、う-まれる、うぶ,
751,傘,12,7,1,"Hito, Ninben, Hitoyane",サン、かさ,
752,散,12,4,3,Nobun,サン、ち-る、ち-らす、ち-らかす、ち-らかる,
753,算,14,2,2,"Take, Takekanmuri",サン,
754,酸,14,5,1,"Tori, Torihen",サン、す-い,
755,賛,15,5,3,"Kai, Kaihen",サン,
756,残,10,4,3,Kabanehen,ザン、のこ-る、のこ-す,
757,斬,11,7,0,"Kin, Onozukuri",ザン、き-る,
758,暫,15,7,1,"Nichi, Nichihen",ザン,しばら
759,士,3,4,1,Samurai,シ,
760,子,3,1,5,"Ko, Kohen",シ、ス、こ,み、ね
761,支,4,5,3,Shi,シ、ささ-える,つか
762,止,4,2,4,Tomeru,シ、と-まる、と-める,や
763,氏,4,4,1,Uji,シ、うじ,
764,仕,5,3,4,"Hito, Ninben, Hitoyane",シ、[ジ]、つか-える,
765,史,5,4,2,"Kuchi, Kuchihen",シ,ふみ
766,司,5,4,2,"Kuchi, Kuchihen",シ,ス、ズ、つかさど、つかさ
767,四,5,1,5,Kunigamae,シ、よ、よ-つ、よっ-つ、よん,
768,市,5,2,3,"Haba, Kinben",シ、いち,か、が
769,矢,5,2,1,"Ya, Yahen",シ、や,
770,旨,6,7,1,"Nichi, Nichihen",シ、むね,うま
771,死,6,3,4,Kabanehen,シ、し-ぬ,
772,糸,6,1,2,"Ito, Itohen",シ、いと,
773,至,6,6,1,Itaru,シ、いた-る,
774,伺,7,7,2,"Hito, Ninben, Hitoyane",シ、うかが-う,
775,志,7,5,2,"Kokoro, Risshinben, Shitagokoro",シ、こころざ-す、こころざし,
776,私,7,6,4,"Nogi, Nogihen",シ、わたくし、わたし,
777,使,8,3,4,"Hito, Ninben, Hitoyane",シ、つか-う,
778,刺,8,7,2,"Katana, Rittoo",シ、さ-す、さ-さる,とげ
779,始,8,3,4,"Onna, Onnahen",シ、はじ-める、はじ-まる,
780,姉,8,2,4,"Onna, Onnahen",シ、あね,
781,枝,8,5,2,"Ki, Kihen",シ、えだ,
782,祉,8,7,1,"Shimesu, Shimesuhen",シ,
783,肢,8,7,1,"Niku, Nikuzuki",シ,
784,姿,9,6,1,"Onna, Onnahen",シ、すがた,
785,思,9,2,4,"Kokoro, Risshinben, Shitagokoro",シ、おも-う,
786,指,9,3,3,Tehen,シ、ゆび、さ-す,
787,施,9,7,1,"Hoo, Hoohen",シ、セ、ほどこ-す,の
788,師,10,5,3,"Haba, Kinben",シ,
789,恣,10,7,0,"Kokoro, Risshinben, Shitagokoro",シ,ほしいまま
790,紙,10,2,4,"Ito, Itohen",シ、かみ,
791,脂,10,7,2,"Niku, Nikuzuki",シ、あぶら,
792,視,11,6,1,Miru,シ,み
793,紫,12,7,1,"Ito, Itohen",シ、むらさき,
794,詞,12,6,2,"Gon, Gonben",シ,ことば
795,歯,12,3,3,"Ha, Hahen",シ、は,
796,嗣,13,7,1,"Kuchi, Kuchihen",シ,つ
797,試,13,4,4,"Gon, Gonben",シ、こころ-みる、ため-す,
798,詩,13,3,1,"Gon, Gonben",シ,うた
799,資,13,5,3,"Kai, Kaihen",シ,もと
800,飼,13,5,1,"Shoku, Shokuhen",シ、か-う,
801,誌,14,6,2,"Gon, Gonben",シ,
802,雌,14,7,1,Furutori,シ、め、めす,
803,摯,15,7,0,Tehen,シ,
804,賜,15,7,1,"Kai, Kaihen",シ、たまわ-る,たまもの、たま
805,諮,16,7,1,"Gon, Gonben",シ、はか-る,
806,示,5,5,3,"Shimesu, Shimesuhen",ジ、シ、しめ-す,
807,字,6,1,4,"Ko, Kohen",ジ、あざ,
808,寺,6,2,2,Sun,ジ、てら,シ
809,次,6,3,3,Akubi,ジ、シ、つ-ぐ、つぎ,と
810,耳,6,1,4,"Mimi, Mimihen",ジ、みみ,
811,自,6,2,4,Mizukara,ジ、シ、みずか-ら,おのずか、おの、よ
812,似,7,5,3,"Hito, Ninben, Hitoyane",ジ、に-る,
813,児,7,4,2,Hitoashi,ジ、[ニ],こ、ご
814,事,8,3,4,Haneboo,ジ、[ズ]、こと,シ、つか
815,侍,8,7,1,"Hito, Ninben, Hitoyane",ジ、さむらい,シ、はべ
816,治,8,4,3,"Mizu, Sanzui, Shitamizu",ジ、チ、おさ-める、おさ-まる、なお-る、なお-す,
817,持,9,3,4,Tehen,ジ、も-つ,チ
818,時,10,2,5,"Nichi, Nichihen",ジ、とき,シ
819,滋,12,7,1,"Mizu, Sanzui, Shitamizu",ジ,シ
820,慈,13,7,1,"Kokoro, Risshinben, Shitagokoro",ジ、いつく-しむ,シ
821,辞,13,4,3,Karai,ジ、や-める,
822,磁,14,6,1,"Ishi, Ishihen",ジ,
823,餌,15,7,0,"Shoku, Shokuhen",ジ、えさ、え,
824,璽,19,7,0,"Tama, Oo",ジ,
825,鹿,11,7,1,Shika,しか、[か],ロク
826,式,6,3,3,Shikigamae,シキ,ショク、のり
827,識,19,5,3,"Gon, Gonben",シキ,
828,軸,12,7,1,"Kuruma, Kurumahen",ジク,
829,七,2,1,5,Ichi,シチ、なな、なな-つ、[なの],シツ
830,叱,5,7,0,"Kuchi, Kuchihen",シツ、しか-る,
831,失,5,4,3,Dai,シツ、うしな-う,
832,室,9,2,4,Ukanmuri,シツ、むろ,
833,疾,10,7,1,Yamaidare,シツ,や
834,執,11,7,1,"Tsuchi, Tsuchihen",シツ、シュウ、と-る,
835,湿,12,7,2,"Mizu, Sanzui, Shitamizu",シツ、しめ-る、しめ-す,
836,嫉,13,7,0,"Onna, Onnahen",シツ,
837,漆,14,7,1,"Mizu, Sanzui, Shitamizu",シツ、うるし,
838,質,15,5,4,"Kai, Kaihen",シツ、シチ、[チ],ただ
839,実,8,3,3,Ukanmuri,ジツ、み、みの-る,
840,芝,6,7,1,Kusakanmuri,しば,シ
841,写,5,3,4,Wakanmuri,シャ、うつ-す、うつ-る,
842,社,7,2,4,"Shimesu, Shimesuhen",シャ、やしろ,
843,車,7,1,5,"Kuruma, Kurumahen",シャ、くるま,
844,舎,8,5,1,"Hito, Ninben, Hitoyane",シャ,
845,者,8,3,4,Oikanmuri,シャ、もの,
846,射,10,6,1,Sun,シャ、い-る,
847,捨,11,6,2,Tehen,シャ、す-てる,
848,赦,11,7,1,Aka,シャ,ゆる
849,斜,11,7,1,Tomasu,シャ、なな-め,
850,煮,12,7,1,"Hi, Hihen, Renga",シャ、に-る、に-える、に-やす,
851,遮,14,7,1,Shinnyoo,シャ、さえぎ-る,
852,謝,17,5,1,"Gon, Gonben",シャ、あやま-る,
853,邪,8,7,1,Oozato,ジャ,よこしま、や
854,蛇,11,7,1,"Mushi, Mushihen",ジャ、ダ、へび,
855,尺,4,6,1,Shikabane,シャク,セキ
856,借,10,4,4,"Hito, Ninben, Hitoyane",シャク、か-りる,
857,酌,10,7,1,"Tori, Torihen",シャク、く-む,
858,釈,11,7,1,Nogome,シャク,
859,爵,17,7,1,Tsumekanmuri,シャク,
860,若,8,6,3,Kusakanmuri,ジャク、[ニャク]、わか-い、も-しくは,ニャ、か、そ
861,弱,10,2,3,"Yumi, Yumihen",ジャク、よわ-い、よわ-る、よわ-まる、よわ-める,
862,寂,11,7,1,Ukanmuri,ジャク、[セキ]、さび、さび-しい、さび-れる,
863,手,4,1,4,Te,シュ、て、[た],ズ
864,主,5,3,4,Ten,シュ、[ス]、ぬし、おも,あるじ
865,守,6,3,3,Ukanmuri,シュ、[ス]、まも-る、も-り,
866,朱,6,7,1,"Ki, Kihen",シュ,ス、あか、あけ
867,取,8,3,3,Mata,シュ、と-る,ス
868,狩,9,7,1,"Inu, Kemonohen",シュ、か-る、か-り,
869,首,9,2,3,Kubi,シュ、くび,こうべ
870,殊,10,7,1,Kabanehen,シュ、こと,
871,珠,10,7,1,"Tama, Oo",シュ,ス、ズ、たま、だま
872,酒,10,3,3,"Tori, Torihen",シュ、さけ、[さか],
873,腫,13,7,0,"Niku, Nikuzuki",シュ、は-れる、は-らす,
874,種,14,4,3,"Nogi, Nogihen",シュ、たね,
875,趣,15,7,1,"Hashiru, Soonyoo",シュ、おもむき,
876,寿,7,7,0,Sun,ジュ、ことぶき,ことほ、とし
877,受,8,3,3,Mata,ジュ、う-ける、う-かる,
878,呪,8,7,0,"Kuchi, Kuchihen",ジュ、のろ-う,まじな
879,授,11,5,2,Tehen,ジュ、さず-ける、さず-かる,
880,需,14,7,1,"Ame, Amekanmuri",ジュ,
881,儒,16,7,1,"Hito, Ninben, Hitoyane",ジュ,
882,樹,16,6,1,"Ki, Kihen",ジュ,ズ、き、た、ぎ
883,収,4,6,3,Mata,シュウ、おさ-める、おさ-まる,
884,囚,5,7,1,Kunigamae,シュウ,とら
885,州,6,3,2,Magarigawa,シュウ、す,
886,舟,6,7,2,"Fune, Funehen",シュウ、ふね、[ふな],
887,秀,7,7,1,"Nogi, Nogihen",シュウ、ひい-でる,
888,周,8,4,2,"Kuchi, Kuchihen",シュウ、まわ-り,ス、ズ、あまね
889,宗,8,6,1,Ukanmuri,シュウ、ソウ,ソ、むね
890,拾,9,3,2,Tehen,シュウ、ジュウ、ひろ-う,
891,秋,9,2,4,"Nogi, Nogihen",シュウ、あき,
892,臭,9,7,1,Mizukara,シュウ、くさ-い、にお-う,
893,修,10,5,2,"Hito, Ninben, Hitoyane",シュウ、[シュ]、おさ-める、おさ-まる,
894,袖,10,7,0,"Koromo, Koromohen",シュウ、そで,
895,終,11,3,4,"Ito, Itohen",シュウ、お-わる、お-える,つい
896,羞,11,7,0,Hitsuji,シュウ,はじ
897,習,11,3,4,Hane,シュウ、なら-う,
898,週,11,2,4,Shinnyoo,シュウ,
899,就,12,6,1,Dainomageashi,シュウ、[ジュ]、つ-く、つ-ける,な
900,衆,12,6,1,Chi,シュウ、[シュ],ス
901,集,12,3,4,Furutori,シュウ、あつ-まる、あつ-める、つど-う,
902,愁,13,7,1,"Kokoro, Risshinben, Shitagokoro",シュウ、うれ-える、うれ-い,
903,酬,13,7,1,"Tori, Torihen",シュウ,むく
904,醜,17,7,1,"Tori, Torihen",シュウ、みにく-い,しこ
905,蹴,19,7,0,"Ashi, Ashihen",シュウ、け-る,
906,襲,22,7,1,"Koromo, Koromohen",シュウ、おそ-う,かさ
907,十,2,1,5,Juu,ジュウ、ジッ、とお、と,
908,汁,5,7,1,"Mizu, Sanzui, Shitamizu",ジュウ、しる,
909,充,6,7,1,Hitoashi,ジュウ、あ-てる,み
910,住,7,3,4,"Hito, Ninben, Hitoyane",ジュウ、す-む、す-まう,
911,柔,9,7,2,"Ki, Kihen",ジュウ、ニュウ、やわ-らか、やわ-らかい,
912,重,9,3,4,"Sato, Satohen",ジュウ、チョウ、え、おも-い、かさ-ねる、かさ-なる,
913,従,10,6,1,Gyooninben,ジュウ、[ショウ]、[ジュ]、したが-う、したが-える,
914,渋,11,7,1,"Mizu, Sanzui, Shitamizu",ジュウ、しぶ、しぶ-い、しぶ-る,
915,銃,14,7,1,"Kane, Kanehen",ジュウ,
916,獣,16,7,1,"Inu, Kemonohen",ジュウ、けもの,
917,縦,16,6,1,"Ito, Itohen",ジュウ、たて,ショウ、ほしいまま
918,叔,8,7,1,Mata,シュク,
919,祝,9,4,2,"Shimesu, Shimesuhen",シュク、[シュウ]、いわ-う,のりと、ほ
920,宿,11,3,3,Ukanmuri,シュク、やど、やど-る、やど-す,スク、シュ
921,淑,11,7,1,"Mizu, Sanzui, Shitamizu",シュク,しと、よ
922,粛,11,7,1,Fudezukuri,シュク,
923,縮,17,6,1,"Ito, Itohen",シュク、ちぢ-む、ちぢ-まる、ちぢ-める、ちぢ-れる、ちぢ-らす,
924,塾,14,7,1,"Tsuchi, Tsuchihen",ジュク,
925,熟,15,6,1,"Hi, Hihen, Renga",ジュク、う-れる,
926,出,5,1,5,Ukebako,シュツ、[スイ]、で-る、だ-す,
927,述,8,5,2,Shinnyoo,ジュツ、の-べる,
928,術,11,5,3,Gyoogamae,ジュツ,
929,俊,9,7,1,"Hito, Ninben, Hitoyane",シュン,
930,春,9,2,4,"Nichi, Nichihen",シュン、はる,
931,瞬,18,7,1,"Me, Mehen",シュン、またた-く,
932,旬,6,7,1,"Nichi, Nichihen",ジュン、[シュン],
933,巡,6,7,1,Magarigawa,ジュン、めぐ-る,
934,盾,9,7,1,"Me, Mehen",ジュン、たて,
935,准,10,7,1,Nisui,ジュン,
936,殉,10,7,1,Kabanehen,ジュン,
937,純,10,6,2,"Ito, Itohen",ジュン,
938,循,12,7,1,Gyooninben,ジュン,
939,順,12,4,2,Oogai,ジュン,したが
940,準,13,5,2,"Mizu, Sanzui, Shitamizu",ジュン,
941,潤,15,7,1,"Mizu, Sanzui, Shitamizu",ジュン、うるお-う、うるお-す、うる-む,
942,遵,15,7,1,Shinnyoo,ジュン,
943,処,5,6,3,Suinyoo,ショ,どころ
944,初,7,4,3,"Katana, Rittoo",ショ、はじ-め、はじ-めて、はつ、うい、そ-める,うぶ
945,所,8,3,3,"To, Tokanmuri",ショ、ところ,ソ、ゾ、ら
946,書,10,2,5,Hirabi,ショ、か-く,
947,庶,11,7,1,Madare,ショ,
948,暑,12,3,3,"Nichi, Nichihen",ショ、あつ-い,
949,署,13,6,2,Amigashira,ショ,
950,緒,14,7,3,"Ito, Itohen",ショ、[チョ]、お,いとぐち
951,諸,15,6,2,"Gon, Gonben",ショ,もろもろ
952,女,3,1,5,"Onna, Onnahen",ジョ、ニョ、[ニョウ]、おんな、め,
953,如,6,7,1,"Onna, Onnahen",ジョ、ニョ,ごと、し
954,助,7,3,3,Chikara,ジョ、たす-ける、たす-かる、すけ,ソ
955,序,7,5,1,Madare,ジョ,つい
956,叙,9,7,1,Mata,ジョ,
957,徐,10,7,1,Gyooninben,ジョ,おもむ
958,除,10,6,3,Kozatohen,ジョ、[ジ]、のぞ-く,
959,小,3,1,5,Shoo,ショウ、ちい-さい、こ、お,
960,升,4,7,1,Juu,ショウ、ます,
961,少,4,2,4,Shoo,ショウ、すく-ない、すこ-し,
962,召,5,7,2,"Kuchi, Kuchihen",ショウ、め-す,
963,匠,6,7,1,Hakogamae,ショウ,たくみ
964,床,7,7,2,Madare,ショウ、とこ、ゆか,
965,抄,7,7,1,Tehen,ショウ,
966,肖,7,7,1,"Niku, Nikuzuki",ショウ,
967,尚,8,7,1,Shoo,ショウ,たか、ひさ、な
968,招,8,5,3,Tehen,ショウ、まね-く,
969,承,8,5,2,Te,ショウ、うけたまわ-る,う
970,昇,8,7,2,"Nichi, Nichihen",ショウ、のぼ-る,
971,松,8,4,1,"Ki, Kihen",ショウ、まつ,
972,沼,8,7,1,"Mizu, Sanzui, Shitamizu",ショウ、ぬま,
973,昭,9,3,1,"Nichi, Nichihen",ショウ,あき、て
974,宵,10,7,1,Ukanmuri,ショウ、よい,
975,将,10,6,2,Sun,ショウ,まさ、は
976,消,10,3,3,"Mizu, Sanzui, Shitamizu",ショウ、き-える、け-す,
977,症,10,7,1,Yamaidare,ショウ,
978,祥,10,7,1,"Shimesu, Shimesuhen",ショウ,
979,称,10,7,1,"Nogi, Nogihen",ショウ,とな、たた
980,笑,10,4,3,"Take, Takekanmuri",ショウ、わら-う、え-む,
981,唱,11,4,1,"Kuchi, Kuchihen",ショウ、とな-える,うた
982,商,11,3,3,"Kuchi, Kuchihen",ショウ、あきな-う,あきんど
983,渉,11,7,1,"Mizu, Sanzui, Shitamizu",ショウ,わた
984,章,11,3,2,Tatsu,ショウ,あき
985,紹,11,7,2,"Ito, Itohen",ショウ,
986,訟,11,7,1,"Gon, Gonben",ショウ,
987,勝,12,3,3,Chikara,ショウ、か-つ、まさ-る,すぐ、た
988,掌,12,7,1,Te,ショウ,たなごころ
989,晶,12,7,1,"Nichi, Nichihen",ショウ,あき
990,焼,12,4,2,"Hi, Hihen, Renga",ショウ、や-く、や-ける,
991,焦,12,7,1,"Hi, Hihen, Renga",ショウ、こ-げる、こ-がす、こ-がれる、あせ-る,
992,硝,12,7,1,"Ishi, Ishihen",ショウ,
993,粧,12,7,0,"Kome, Komehen",ショウ,よそお
994,詔,12,7,1,"Gon, Gonben",ショウ、みことのり,
995,証,12,5,1,"Gon, Gonben",ショウ,あかし、あか
996,象,12,4,2,Inoko,ショウ、ゾウ,に
997,傷,13,6,1,"Hito, Ninben, Hitoyane",ショウ、きず、いた-む、いた-める,
998,奨,13,7,1,Dai,ショウ,すす
999,照,13,4,2,"Hi, Hihen, Renga",ショウ、て-る、て-らす、て-れる,
1000,詳,13,7,1,"Gon, Gonben",ショウ、くわ-しい,
1001,彰,14,7,1,Sanzukuri,ショウ,あき
1002,障,14,6,1,Kozatohen,ショウ、さわ-る,
1003,憧,15,7,1,"Kokoro, Risshinben, Shitagokoro",ショウ、あこが-れる,ドウ
1004,衝,15,7,1,Gyoogamae,ショウ,つ、づ
1005,賞,15,4,2,"Kai, Kaihen",ショウ,
1006,償,17,7,1,"Hito, Ninben, Hitoyane",ショウ、つぐな-う,
1007,礁,17,7,1,"Ishi, Ishihen",ショウ,
1008,鐘,20,7,1,"Kane, Kanehen",ショウ、かね,シュ
1009,上,3,1,5,Ichi,ジョウ、[ショウ]、うえ、[うわ]、かみ、あ-げる、あ-がる、のぼ-る、のぼ-せる、のぼ-す,
1010,丈,3,7,0,Ichi,ジョウ、たけ,
1011,冗,4,7,1,Wakanmuri,ジョウ,
1012,条,7,5,2,"Ki, Kihen",ジョウ,
1013,状,7,5,3,"Inu, Kemonohen",ジョウ,
1014,乗,9,3,3,No,ジョウ、の-る、の-せる,
1015,城,9,6,2,"Tsuchi, Tsuchihen",ジョウ、しろ,セイ
1016,浄,9,7,1,"Mizu, Sanzui, Shitamizu",ジョウ,きよ
1017,剰,11,7,1,"Katana, Rittoo",ジョウ,あま
1018,常,11,5,3,"Haba, Kinben",ジョウ、つね、とこ,
1019,情,11,5,3,"Kokoro, Risshinben, Shitagokoro",ジョウ、[セイ]、なさ-け,
1020,場,12,2,4,"Tsuchi, Tsuchihen",ジョウ、ば,
1021,畳,12,7,2,"Ta, Tahen",ジョウ、たた-む、たたみ,
1022,蒸,13,6,2,Kusakanmuri,ジョウ、む-す、む-れる、む-らす,
1023,縄,15,7,1,"Ito, Itohen",ジョウ、なわ,
1024,壌,16,7,1,"Tsuchi, Tsuchihen",ジョウ,
1025,嬢,16,7,1,"Onna, Onnahen",ジョウ,
1026,錠,16,7,1,"Kane, Kanehen",ジョウ,
1027,譲,20,7,1,"Gon, Gonben",ジョウ、ゆず-る,
1028,醸,20,7,1,"Tori, Torihen",ジョウ、かも-す,
1029,色,6,2,4,Iro,ショク、シキ、いろ,
1030,拭,9,7,0,Tehen,ショク、ふ-く、ぬぐ-う,
1031,食,9,2,5,"Shoku, Shokuhen",ショク、[ジキ]、く-う、く-らう、た-べる,は
1032,植,12,3,2,"Ki, Kihen",ショク、う-える、う-わる,
1033,殖,12,7,1,Kabanehen,ショク、ふ-える、ふ-やす,
1034,飾,13,7,1,"Shoku, Shokuhen",ショク、かざ-る,シキ
1035,触,13,7,2,"Tsuno, Tsunohen",ショク、ふ-れる、さわ-る,
1036,嘱,15,7,1,"Kuchi, Kuchihen",ショク,
1037,織,18,5,1,"Ito, Itohen",ショク、シキ、お-る,
1038,職,18,5,3,"Mimi, Mimihen",ショク,
1039,辱,10,7,1,Shinnotatsu,ジョク、はずかし-める,
1040,尻,5,7,0,Shikabane,しり,
1041,心,4,2,4,"Kokoro, Risshinben, Shitagokoro",シン、こころ,
1042,申,5,3,3,"Ta, Tahen",シン、もう-す,さる
1043,伸,7,7,2,"Hito, Ninben, Hitoyane",シン、の-びる、の-ばす、の-べる,
1044,臣,7,4,2,Shin,シン、ジン,おみ
1045,芯,7,7,0,Kusakanmuri,シン,
1046,身,7,3,3,Mi,シン、み,
1047,辛,7,7,2,Karai,シン、から-い,つら、づら
1048,侵,9,7,1,"Hito, Ninben, Hitoyane",シン、おか-す,
1049,信,9,4,3,"Hito, Ninben, Hitoyane",シン,の
1050,津,9,7,1,"Mizu, Sanzui, Shitamizu",シン、つ,
1051,神,9,3,3,"Shimesu, Shimesuhen",シン、ジン、かみ、[かん]、[こう],
1052,唇,10,7,1,"Kuchi, Kuchihen",シン、くちびる,
1053,娠,10,7,1,"Onna, Onnahen",シン,
1054,振,10,7,1,Tehen,シン、ふ-る、ふ-るう、ふ-れる,
1055,浸,10,7,1,"Mizu, Sanzui, Shitamizu",シン、ひた-す、ひた-る,し
1056,真,10,3,4,"Me, Mehen",シン、ま,
1057,針,10,6,2,"Kane, Kanehen",シン、はり,
1058,深,11,3,3,"Mizu, Sanzui, Shitamizu",シン、ふか-い、ふか-まる、ふか-める,み
1059,紳,11,7,1,"Ito, Itohen",シン,
1060,進,11,3,3,Shinnyoo,シン、すす-む、すす-める,
1061,森,12,1,3,"Ki, Kihen",シン、もり,
1062,診,12,7,1,"Gon, Gonben",シン、み-る,
1063,寝,13,7,3,Ukanmuri,シン、ね-る、ね-かす,
1064,慎,13,7,1,"Kokoro, Risshinben, Shitagokoro",シン、つつし-む,
1065,新,13,2,4,"Kin, Onozukuri",シン、あたら-しい、あら-た、にい,
1066,審,15,7,1,Ukanmuri,シン,つまび
1067,震,15,7,2,"Ame, Amekanmuri",シン、ふる-う、ふる-える,
1068,薪,16,7,1,Kusakanmuri,シン、たきぎ,
1069,親,16,2,4,Miru,シン、おや、した-しい、した-しむ,ちか
1070,人,2,1,5,"Hito, Ninben, Hitoyane",ジン、ニン、ひと,
1071,刃,3,7,1,"Katana, Rittoo",ジン、は,ニン
1072,仁,4,6,1,"Hito, Ninben, Hitoyane",ジン、[ニ],ひと
1073,尽,6,7,1,Shikabane,ジン、つ-くす、つ-きる、つ-かす,ことごと
1074,迅,6,7,1,Shinnyoo,ジン,
1075,甚,9,7,1,Amai,ジン、はなは-だ、はなは-だしい,
1076,陣,10,7,1,Kozatohen,ジン,
1077,尋,12,7,1,Sun,ジン、たず-ねる,ひろ
1078,腎,13,7,0,"Niku, Nikuzuki",ジン,
1079,須,12,7,1,Oogai,ス,シュ
1080,図,7,2,4,Kunigamae,ズ、ト、はか-る,
1081,水,4,1,5,"Mizu, Sanzui, Shitamizu",スイ、みず,
1082,吹,7,7,3,"Kuchi, Kuchihen",スイ、ふ-く,
1083,垂,8,6,1,"Tsuchi, Tsuchihen",スイ、た-れる、た-らす,
1084,炊,8,7,1,"Hi, Hihen, Renga",スイ、た-く,かし
1085,帥,9,7,1,"Haba, Kinben",スイ,ソチ
1086,粋,10,7,1,"Kome, Komehen",スイ、いき,
1087,衰,10,7,1,"Koromo, Koromohen",スイ、おとろ-える,
1088,推,11,6,1,Tehen,スイ、お-す,
1089,酔,11,7,1,"Tori, Torihen",スイ、よ-う,
1090,遂,12,7,1,Shinnyoo,スイ、と-げる,つい
1091,睡,13,7,1,"Me, Mehen",スイ,ねむ
1092,穂,15,7,1,"Nogi, Nogihen",スイ、ほ,
1093,随,12,7,1,Kozatohen,ズイ,したが
1094,髄,19,7,1,"Hone, Honehen",ズイ,
1095,枢,8,7,1,"Ki, Kihen",スウ,とぼそ
1096,崇,11,7,1,"Yama, Yamahen",スウ,シュウ、たか、あが
1097,数,13,2,3,Nobun,スウ、[ス]、かず、かぞ-える,ジュ
1098,据,11,7,1,Tehen,す-える、す-わる,
1099,杉,7,7,1,"Ki, Kihen",すぎ,サン
1100,裾,13,7,0,"Koromo, Koromohen",すそ,
1101,寸,3,6,1,Sun,スン,
1102,瀬,19,7,1,"Mizu, Sanzui, Shitamizu",せ,
1103,是,9,7,1,"Nichi, Nichihen",ゼ,こ
1104,井,4,7,1,Ni,セイ、[ショウ]、い,
1105,世,5,3,4,Ichi,セイ、セ、よ,
1106,正,5,1,4,Tomeru,セイ、ショウ、ただ-しい、ただ-す、まさ,
1107,生,5,1,5,Umareru,セイ、ショウ、い-きる、い-かす、い-ける、う-まれる、う-む、お-う、は-える、は-やす、き、なま,な
1108,成,6,4,3,"Hokogamae, Hokozukuri",セイ、[ジョウ]、な-る、な-す,
1109,西,6,2,5,Nishi,セイ、サイ、にし,
1110,声,7,2,3,Samurai,セイ、[ショウ]、こえ、[こわ],
1111,制,8,5,3,"Katana, Rittoo",セイ,
1112,姓,8,7,2,"Onna, Onnahen",セイ、ショウ,
1113,征,8,7,1,Gyooninben,セイ,い、ゆ
1114,性,8,5,3,"Kokoro, Risshinben, Shitagokoro",セイ、ショウ,
1115,青,8,1,4,"Ao, Aohen",セイ、[ショウ]、あお、あお-い,
1116,斉,8,7,1,Sei,セイ,ザイ、ひと
1117,政,9,5,3,Nobun,セイ、[ショウ]、まつりごと,ただ
1118,星,9,2,2,"Nichi, Nichihen",セイ、[ショウ]、ほし,
1119,牲,9,7,1,"Ushi, Ushihen",セイ,
1120,省,9,4,2,"Me, Mehen",セイ、ショウ、かえり-みる、はぶ-く,
1121,凄,10,7,0,Nisui,セイ,すさ、すご
1122,逝,10,7,1,Shinnyoo,セイ、ゆ-く、い-く,
1123,清,11,4,2,"Mizu, Sanzui, Shitamizu",セイ、[ショウ]、きよ-い、きよ-まる、きよ-める,シン、すず、す
1124,盛,11,6,1,Sara,セイ、[ジョウ]、も-る、さか-る、さか-ん,
1125,婿,12,7,1,"Onna, Onnahen",セイ、むこ,
1126,晴,12,2,3,"Nichi, Nichihen",セイ、は-れる、は-らす,
1127,勢,13,5,2,Chikara,セイ、いきお-い,セ、ゼ
1128,聖,13,6,1,"Mimi, Mimihen",セイ,ショウ、ひじり
1129,誠,13,6,1,"Gon, Gonben",セイ、まこと,ジョウ
1130,精,14,5,3,"Kome, Komehen",セイ、[ショウ],くわ
1131,製,14,5,1,"Koromo, Koromohen",セイ,
1132,誓,14,7,1,"Gon, Gonben",セイ、ちか-う,
1133,静,14,4,3,"Ao, Aohen",セイ、[ジョウ]、しず、しず-か、しず-まる、しず-める,
1134,請,15,7,1,"Gon, Gonben",セイ、[シン]、こ-う、う-ける,ショウ、ジョウ
1135,整,16,3,2,Nobun,セイ、ととの-える、ととの-う,
1136,醒,16,7,0,"Tori, Torihen",セイ,さ、ざ
1137,税,12,5,2,"Nogi, Nogihen",ゼイ,
1138,夕,3,1,4,Yuube,セキ、ゆう,
1139,斥,5,7,1,"Kin, Onozukuri",セキ,しりぞ
1140,石,5,1,3,"Ishi, Ishihen",セキ、[シャク]、[コク]、いし,
1141,赤,7,1,4,Aka,セキ、[シャク]、あか、あか-い、あか-らむ、あか-らめる,
1142,昔,8,3,3,"Nichi, Nichihen",セキ、[シャク]、むかし,
1143,析,8,7,1,"Ki, Kihen",セキ,
1144,席,10,4,3,"Haba, Kinben",セキ,し
1145,脊,10,7,0,"Niku, Nikuzuki",セキ,せ
1146,隻,10,7,1,Furutori,セキ,
1147,惜,11,7,1,"Kokoro, Risshinben, Shitagokoro",セキ、お-しい、お-しむ,シャク
1148,戚,11,7,0,"Hokogamae, Hokozukuri",セキ,
1149,責,11,5,3,"Kai, Kaihen",セキ、せ-める,シャク
1150,跡,13,7,1,"Ashi, Ashihen",セキ、あと,
1151,積,16,4,3,"Nogi, Nogihen",セキ、つ-む、つ-もる,シャク
1152,績,17,5,2,"Ito, Itohen",セキ,う
1153,籍,20,7,1,"Take, Takekanmuri",セキ,
1154,切,4,2,4,"Katana, Rittoo",セツ、[サイ]、き-る、き-れる,
1155,折,7,4,3,Tehen,セツ、お-る、おり、お-れる,
1156,拙,8,7,1,Tehen,セツ、つたな-い,
1157,窃,9,7,1,"Ana, Anakanmuri",セツ,
1158,接,11,5,2,Tehen,セツ、つ-ぐ,
1159,設,11,5,2,"Gon, Gonben",セツ、もう-ける,
1160,雪,11,2,3,"Ame, Amekanmuri",セツ、ゆき,そそ
1161,摂,13,7,1,Tehen,セツ,と
1162,節,13,4,2,"Take, Takekanmuri",セツ、[セチ]、ふし,
1163,説,14,4,3,"Gon, Gonben",セツ、[ゼイ]、と-く,
1164,舌,6,5,1,Shita,ゼツ、した,
1165,絶,12,5,3,"Ito, Itohen",ゼツ、た-える、た-やす、た-つ,
1166,千,3,1,5,Juu,セン、ち,
1167,川,3,1,5,Magarigawa,セン、かわ,
1168,仙,5,7,1,"Hito, Ninben, Hitoyane",セン,
1169,占,5,7,2,Uranai,セン、し-める、うらな-う,
1170,先,6,1,5,Hitoashi,セン、さき,ま
1171,宣,9,6,1,Ukanmuri,セン,のたま、の
1172,専,9,6,2,Sun,セン、もっぱ-ら,
1173,泉,9,6,2,"Mizu, Sanzui, Shitamizu",セン、いずみ,
1174,浅,9,4,2,"Mizu, Sanzui, Shitamizu",セン、あさ-い,
1175,洗,9,6,3,"Mizu, Sanzui, Shitamizu",セン、あら-う,
1176,染,9,6,1,"Ki, Kihen",セン、そ-める、そ-まる、し-みる、し-み,
1177,扇,10,7,1,"To, Tokanmuri",セン、おうぎ,
1178,栓,10,7,1,"Ki, Kihen",セン,
1179,旋,11,7,1,"Hoo, Hoohen",セン,つ
1180,船,11,2,3,"Fune, Funehen",セン、ふね、[ふな],
1181,戦,13,4,3,"Hokogamae, Hokozukuri",セン、いくさ、たたか-う,おのの
1182,煎,13,7,0,"Hi, Hihen, Renga",セン、い-る,
1183,羨,13,7,0,Hitsuji,セン、うらや-む、うらや-ましい,
1184,腺,13,7,0,"Niku, Nikuzuki",セン,
1185,詮,13,7,0,"Gon, Gonben",セン,
1186,践,13,7,1,"Ashi, Ashihen",セン,ふ
1187,箋,14,7,0,Kusakanmuri,セン,
1188,銭,14,5,1,"Kane, Kanehen",セン、ぜに,
1189,潜,15,7,1,"Mizu, Sanzui, Shitamizu",セン、ひそ-む、もぐ-る,くぐ
1190,線,15,2,2,"Ito, Itohen",セン,
1191,遷,15,7,1,Shinnyoo,セン,うつ
1192,選,15,4,3,Shinnyoo,セン、えら-ぶ,
1193,薦,16,7,1,Kusakanmuri,セン、すす-める,
1194,繊,17,7,1,"Ito, Itohen",セン,
1195,鮮,17,7,1,"Uo, Uohen",セン、あざ-やか,
1196,全,6,3,3,"Hito, Ninben, Hitoyane",ゼン、まった-く、すべ-て,まっと
1197,前,9,2,5,"Katana, Rittoo",ゼン、まえ,セン、さき、ざき
1198,善,12,6,2,"Kuchi, Kuchihen",ゼン、よ-い,
1199,然,12,4,3,"Hi, Hihen, Renga",ゼン、ネン,しか
1200,禅,13,7,1,"Shimesu, Shimesuhen",ゼン,
1201,漸,14,7,1,"Mizu, Sanzui, Shitamizu",ゼン,ようや
1202,膳,16,7,0,"Niku, Nikuzuki",ゼン,
1203,繕,18,7,1,"Ito, Itohen",ゼン、つくろ-う,
1204,狙,8,7,1,"Inu, Kemonohen",ソ、ねら-う,
1205,阻,8,7,1,Kozatohen,ソ、はば-む,
1206,祖,9,5,3,"Shimesu, Shimesuhen",ソ,
1207,租,10,7,1,"Nogi, Nogihen",ソ,
1208,素,10,5,1,"Ito, Itohen",ソ、ス,もと、しろ
1209,措,11,7,1,Tehen,ソ,お
1210,粗,11,7,1,"Kome, Komehen",ソ、あら-い,ほぼ
1211,組,11,2,3,"Ito, Itohen",ソ、く-む、くみ,
1212,疎,12,7,1,Hiki,ソ、うと-い、うと-む,まば
1213,訴,12,7,1,"Gon, Gonben",ソ、うった-える,
1214,塑,13,7,1,"Tsuchi, Tsuchihen",ソ,
1215,遡,14,7,0,Shinnyoo,ソ、さかのぼ-る,
1216,礎,18,7,1,"Ishi, Ishihen",ソ、いしずえ,
1217,双,4,7,2,Mata,ソウ、ふた,
1218,壮,6,7,1,Samurai,ソウ,
1219,早,6,1,4,"Nichi, Nichihen",ソウ、[サッ]、はや-い、はや-まる、はや-める,さ
1220,争,6,4,3,Ku,ソウ、あらそ-う,
1221,走,7,2,4,"Hashiru, Soonyoo",ソウ、はし-る,
1222,奏,9,6,1,Dai,ソウ、かな-でる,
1223,相,9,3,3,"Me, Mehen",ソウ、ショウ、あい,
1224,荘,9,7,1,Kusakanmuri,ソウ,ショウ、ジョウ
1225,草,9,1,3,Kusakanmuri,ソウ、くさ,
1226,送,9,3,4,Shinnyoo,ソウ、おく-る,
1227,倉,10,4,1,"Hito, Ninben, Hitoyane",ソウ、くら,
1228,捜,10,7,2,Tehen,ソウ、さが-す,
1229,挿,10,7,1,Tehen,ソウ、さ-す,
1230,桑,10,7,1,"Ki, Kihen",ソウ、くわ,
1231,巣,11,4,1,Tsukanmuri,ソウ、す,
1232,掃,11,7,2,Tehen,ソウ、は-く,
1233,曹,11,7,1,Hirabi,ソウ,
1234,曽,11,7,0,Hirabi,ソウ、[ゾ],ソ
1235,爽,11,7,1,"Meme, Kou",ソウ、さわ-やか,
1236,窓,11,6,3,"Ana, Anakanmuri",ソウ、まど,
1237,創,12,6,1,"Katana, Rittoo",ソウ、つく-る,はじ
1238,喪,12,7,1,"Kuchi, Kuchihen",ソウ、も,うしな
1239,痩,12,7,0,Yamaidare,ソウ、や-せる,
1240,葬,12,7,1,Kusakanmuri,ソウ、ほうむ-る,
1241,装,12,6,2,"Koromo, Koromohen",ソウ、ショウ、よそお-う,
1242,僧,13,7,1,"Hito, Ninben, Hitoyane",ソウ,
1243,想,13,3,3,"Kokoro, Risshinben, Shitagokoro",ソウ、[ソ],おも
1244,層,14,6,2,Shikabane,ソウ,
1245,総,14,5,2,"Ito, Itohen",ソウ,ス、ふさ、すべ
1246,遭,14,7,1,Shinnyoo,ソウ、あ-う,
1247,槽,15,7,1,"Ki, Kihen",ソウ,
1248,踪,15,7,0,"Ashi, Ashihen",ソウ,
1249,操,16,6,2,Tehen,ソウ、みさお、あやつ-る,
1250,燥,17,7,2,"Hi, Hihen, Renga",ソウ,
1251,霜,17,7,1,"Ame, Amekanmuri",ソウ、しも,
1252,騒,18,7,1,"Uma, Umahen",ソウ、さわ-ぐ,
1253,藻,19,7,1,Kusakanmuri,ソウ、も,
1254,造,10,5,2,Shinnyoo,ゾウ、つく-る,な
1255,像,14,5,2,"Hito, Ninben, Hitoyane",ゾウ,かた
1256,増,14,5,3,"Tsuchi, Tsuchihen",ゾウ、ま-す、ふ-える、ふ-やす,
1257,憎,14,7,2,"Kokoro, Risshinben, Shitagokoro",ゾウ、にく-む、にく-い、にく-らしい、にく-しみ,
1258,蔵,15,6,2,Kusakanmuri,ゾウ、くら,
1259,贈,18,7,2,"Kai, Kaihen",ゾウ、[ソウ]、おく-る,
1260,臓,19,6,2,"Niku, Nikuzuki",ゾウ,
1261,即,7,7,1,"Fushizukuri, Warifu",ソク,すなわ、つ
1262,束,7,4,3,"Ki, Kihen",ソク、たば,つか、づか
1263,足,7,1,4,"Ashi, Ashihen",ソク、あし、た-りる、た-る、た-す,ス
1264,促,9,7,1,"Hito, Ninben, Hitoyane",ソク、うなが-す,
1265,則,9,5,2,"Katana, Rittoo",ソク,のっと、すなわ、のり
1266,息,10,3,3,"Kokoro, Risshinben, Shitagokoro",ソク、いき,むすこ、やす
1267,捉,10,7,0,Tehen,ソク、とら-える,
1268,速,10,3,3,Shinnyoo,ソク、はや-い、はや-める、はや-まる、すみ-やか,
1269,側,11,4,3,"Hito, Ninben, Hitoyane",ソク、がわ,そば
1270,測,12,5,2,"Mizu, Sanzui, Shitamizu",ソク、はか-る,
1271,俗,9,7,1,"Hito, Ninben, Hitoyane",ゾク,
1272,族,11,3,4,"Hoo, Hoohen",ゾク,
1273,属,12,5,1,Shikabane,ゾク,ショク、つ
1274,賊,13,7,1,"Kai, Kaihen",ゾク,
1275,続,13,4,3,"Ito, Itohen",ゾク、つづ-く、つづ-ける,
1276,卒,8,4,2,Juu,ソツ,
1277,率,11,5,1,Gen,ソツ、リツ、ひき-いる,
1278,存,6,6,3,"Ko, Kohen",ソン、ゾン,
1279,村,7,1,3,"Ki, Kihen",ソン、むら,
1280,孫,10,4,2,"Ko, Kohen",ソン、まご,
1281,尊,12,6,2,Sun,ソン、たっと-い、とうと-い、たっと-ぶ、とうと-ぶ,みこと
1282,損,13,5,2,Tehen,ソン、そこ-なう、そこ-ねる,
1283,遜,14,7,0,Shinnyoo,ソン,へりくだ
1284,他,5,3,3,"Hito, Ninben, Hitoyane",タ、ほか,
1285,多,6,2,4,Yuube,タ、おお-い,
1286,汰,7,7,1,"Mizu, Sanzui, Shitamizu",タ,
1287,打,5,3,3,Tehen,ダ、う-つ,チョウ
1288,妥,7,7,1,"Onna, Onnahen",ダ,
1289,唾,11,7,0,"Kuchi, Kuchihen",ダ、つば,
1290,堕,12,7,1,"Tsuchi, Tsuchihen",ダ,お
1291,惰,12,7,1,"Kokoro, Risshinben, Shitagokoro",ダ,
1292,駄,14,7,1,"Uma, Umahen",ダ,タ
1293,太,4,2,3,Dai,タイ、タ、ふと-い、ふと-る,
1294,対,7,3,3,Sun,タイ、ツイ,
1295,体,7,2,4,"Hito, Ninben, Hitoyane",タイ、テイ、からだ,
1296,耐,9,7,1,Shikashite,タイ、た-える,
1297,待,9,3,4,Gyooninben,タイ、ま-つ,
1298,怠,9,7,1,"Kokoro, Risshinben, Shitagokoro",タイ、おこた-る、なま-ける,
1299,胎,9,7,1,"Niku, Nikuzuki",タイ,
1300,退,9,5,3,Shinnyoo,タイ、しりぞ-く、しりぞ-ける,び
1301,帯,10,4,2,"Haba, Kinben",タイ、お-びる、おび,
1302,泰,10,7,1,"Mizu, Sanzui, Shitamizu",タイ,やす
1303,堆,11,7,0,"Tsuchi, Tsuchihen",タイ,ツイ、うずたか
1304,袋,11,7,2,"Koromo, Koromohen",タイ、ふくろ,
1305,逮,11,7,1,Shinnyoo,タイ,
1306,替,12,7,2,Hirabi,タイ、か-える、か-わる,
1307,貸,12,5,4,"Kai, Kaihen",タイ、か-す,
1308,隊,12,4,1,Kozatohen,タイ,
1309,滞,13,7,1,"Mizu, Sanzui, Shitamizu",タイ、とどこお-る,
1310,態,14,5,1,"Kokoro, Risshinben, Shitagokoro",タイ,わざ
1311,戴,17,7,0,"Hokogamae, Hokozukuri",タイ,いただ
1312,大,3,1,5,Dai,ダイ、タイ、おお、おお-きい、おお-いに,ダ
1313,代,5,3,4,"Hito, Ninben, Hitoyane",ダイ、タイ、か-わる、か-える、よ、しろ,
1314,台,5,2,4,"Kuchi, Kuchihen",ダイ、タイ,うてな
1315,第,11,3,1,"Take, Takekanmuri",ダイ,
1316,題,18,3,4,Oogai,ダイ,
1317,滝,13,7,1,"Mizu, Sanzui, Shitamizu",たき,
1318,宅,6,6,3,Ukanmuri,タク,
1319,択,7,7,1,Tehen,タク,えら
1320,沢,7,7,1,"Mizu, Sanzui, Shitamizu",タク、さわ,
1321,卓,8,7,1,Juu,タク,
1322,拓,8,7,1,Tehen,タク,ひら
1323,託,10,7,1,"Gon, Gonben",タク,かこつ
1324,濯,17,7,2,"Mizu, Sanzui, Shitamizu",タク,あら
1325,諾,15,7,1,"Gon, Gonben",ダク,
1326,濁,16,7,1,"Mizu, Sanzui, Shitamizu",ダク、にご-る、にご-す,ジョク
1327,但,7,7,1,"Hito, Ninben, Hitoyane",ただ-し,タン、た
1328,達,12,4,3,Shinnyoo,タツ,ダチ、ダッ
1329,脱,11,7,1,"Niku, Nikuzuki",ダツ、ぬ-ぐ、ぬ-げる,
1330,奪,14,7,1,Dai,ダツ、うば-う,
1331,棚,12,7,1,"Ki, Kihen",たな,
1332,誰,15,7,0,"Gon, Gonben",だれ,スイ
1333,丹,4,7,1,Ten,タン,に
1334,旦,5,7,1,"Nichi, Nichihen",タン、ダン,
1335,担,8,6,2,Tehen,タン、かつ-ぐ、にな-う,
1336,単,9,4,3,Tsukanmuri,タン,ひとえ
1337,炭,9,3,2,"Hi, Hihen, Renga",タン、すみ,
1338,胆,9,7,1,"Niku, Nikuzuki",タン,きも、ぎも
1339,探,11,6,3,Tehen,タン、さぐ-る、さが-す,
1340,淡,11,7,1,"Mizu, Sanzui, Shitamizu",タン、あわ-い,
1341,短,12,3,3,"Ya, Yahen",タン、みじか-い,
1342,嘆,13,7,1,"Kuchi, Kuchihen",タン、なげ-く、なげ-かわしい,
1343,端,14,7,1,Tatsu,タン、はし、は、はた,ただ
1344,綻,14,7,0,"Ito, Itohen",タン、ほころ-びる,
1345,誕,15,6,1,"Gon, Gonben",タン,
1346,鍛,17,7,1,"Kane, Kanehen",タン、きた-える,
1347,団,6,5,2,Kunigamae,ダン、[トン],
1348,男,7,1,5,"Ta, Tahen",ダン、ナン、おとこ,
1349,段,9,6,3,Rumata,ダン,タン
1350,断,11,5,3,"Kin, Onozukuri",ダン、た-つ、ことわ-る,
1351,弾,12,7,1,"Yumi, Yumihen",ダン、ひ-く、はず-む、たま,はじ
1352,暖,13,6,1,"Nichi, Nichihen",ダン、あたた-か、あたた-かい、あたた-まる、あたた-める,ノン
1353,談,15,3,3,"Gon, Gonben",ダン,
1354,壇,16,7,1,"Tsuchi, Tsuchihen",ダン、[タン],
1355,地,6,2,4,"Tsuchi, Tsuchihen",チ、ジ,
1356,池,6,2,3,"Mizu, Sanzui, Shitamizu",チ、いけ,
1357,知,8,2,4,"Ya, Yahen",チ、し-る,
1358,値,10,6,3,"Hito, Ninben, Hitoyane",チ、ね、あたい,ジ
1359,恥,10,7,3,"Kokoro, Risshinben, Shitagokoro",チ、は-じる、はじ、は-じらう、は-ずかしい,
1360,致,10,7,1,Itaru,チ、いた-す,
1361,遅,12,7,3,Shinnyoo,チ、おく-れる、おく-らす、おそ-い,
1362,痴,13,7,1,Yamaidare,チ,
1363,稚,13,7,1,"Nogi, Nogihen",チ,いと、わか
1364,置,13,4,3,Amigashira,チ、お-く,
1365,緻,16,7,0,"Ito, Itohen",チ,
1366,竹,6,1,2,"Take, Takekanmuri",チク、たけ,
1367,畜,10,7,2,"Ta, Tahen",チク,
1368,逐,10,7,1,Shinnyoo,チク,お
1369,蓄,13,7,1,Kusakanmuri,チク、たくわ-える,
1370,築,16,5,2,"Take, Takekanmuri",チク、きず-く,
1371,秩,10,7,1,"Nogi, Nogihen",チツ,
1372,窒,11,7,1,"Ana, Anakanmuri",チツ,
1373,茶,9,2,4,Kusakanmuri,チャ、サ,タ
1374,着,12,3,4,Hitsuji,チャク、[ジャク]、き-る、き-せる、つ-く、つ-ける,
1375,嫡,14,7,1,"Onna, Onnahen",チャク,
1376,中,4,1,5,Boo,チュウ、[ジュウ]、なか,うち、あ
1377,仲,6,4,2,"Hito, Ninben, Hitoyane",チュウ、なか,
1378,虫,6,1,2,"Mushi, Mushihen",チュウ、むし,
1379,沖,7,7,1,"Mizu, Sanzui, Shitamizu",チュウ、おき,
1380,宙,8,6,1,Ukanmuri,チュウ,
1381,忠,8,6,1,"Kokoro, Risshinben, Shitagokoro",チュウ,
1382,抽,8,7,1,Tehen,チュウ,ひ
1383,注,8,3,4,"Mizu, Sanzui, Shitamizu",チュウ、そそ-ぐ,つ
1384,昼,9,2,4,"Nichi, Nichihen",チュウ、ひる,
1385,柱,9,3,2,"Ki, Kihen",チュウ、はしら,
1386,衷,10,7,1,"Koromo, Koromohen",チュウ,
1387,酎,10,7,0,"Tori, Torihen",チュウ,
1388,鋳,15,7,1,"Kane, Kanehen",チュウ、い-る,ス
1389,駐,15,7,2,"Uma, Umahen",チュウ,
1390,著,11,6,2,Kusakanmuri,チョ、あらわ-す、いちじる-しい,
1391,貯,12,4,2,"Kai, Kaihen",チョ,たくわ
1392,丁,2,3,1,Ichi,チョウ、テイ,ひのと
1393,弔,4,7,1,"Yumi, Yumihen",チョウ、とむら-う,
1394,庁,5,6,2,Madare,チョウ,
1395,兆,6,4,2,Hitoashi,チョウ、きざ-す、きざ-し,
1396,町,7,1,4,"Ta, Tahen",チョウ、まち,
1397,長,8,2,5,Nagai,チョウ、なが-い,たけ、おさ、まさ、た
1398,挑,9,7,1,Tehen,チョウ、いど-む,
1399,帳,11,3,1,"Haba, Kinben",チョウ,とばり
1400,張,11,5,2,"Yumi, Yumihen",チョウ、は-る,
1401,彫,11,7,1,Sanzukuri,チョウ、ほ-る,え
1402,眺,11,7,1,"Me, Mehen",チョウ、なが-める,
1403,釣,11,7,1,"Kane, Kanehen",チョウ、つ-る,
1404,頂,11,6,3,Oogai,チョウ、いただ-く、いただき,
1405,鳥,11,2,4,Tori,チョウ、とり,
1406,朝,12,2,4,"Tsuki, Tsukihen",チョウ、あさ,
1407,貼,12,7,0,"Kai, Kaihen",チョウ、は-る,
1408,超,12,7,2,"Hashiru, Soonyoo",チョウ、こ-える、こ-す,
1409,腸,13,4,1,"Niku, Nikuzuki",チョウ,はらわた
1410,跳,13,7,1,"Ashi, Ashihen",チョウ、は-ねる、と-ぶ,
1411,徴,14,7,1,Gyooninben,チョウ,
1412,嘲,15,7,0,"Kuchi, Kuchihen",チョウ、あざけ-る,
1413,潮,15,6,1,"Mizu, Sanzui, Shitamizu",チョウ、しお,うしお
1414,澄,15,7,1,"Mizu, Sanzui, Shitamizu",チョウ、す-む、す-ます,
1415,調,15,3,3,"Gon, Gonben",チョウ、しら-べる、ととの-う、ととの-える,つき
1416,聴,17,7,1,"Mimi, Mimihen",チョウ、き-く,
1417,懲,18,7,1,"Kokoro, Risshinben, Shitagokoro",チョウ、こ-りる、こ-らす、こ-らしめる,
1418,直,8,2,3,"Me, Mehen",チョク、ジキ、ただ-ちに、なお-す、なお-る,た、だ
1419,勅,9,7,1,Chikara,チョク,みことのり
1420,捗,10,7,0,Tehen,チョク,はかど
1421,沈,7,7,2,"Mizu, Sanzui, Shitamizu",チン、しず-む、しず-める,ジン
1422,珍,9,7,2,"Tama, Oo",チン、めずら-しい,
1423,朕,10,7,1,"Tsuki, Tsukihen",チン,
1424,陳,11,7,1,Kozatohen,チン,ジン、の
1425,賃,13,6,2,"Kai, Kaihen",チン,
1426,鎮,18,7,1,"Kane, Kanehen",チン、しず-める、しず-まる,
1427,追,9,3,3,Shinnyoo,ツイ、お-う,
1428,椎,12,7,1,"Ki, Kihen",ツイ,しい
1429,墜,15,7,1,"Tsuchi, Tsuchihen",ツイ,お
1430,通,10,2,4,Shinnyoo,ツウ、[ツ]、とお-る、とお-す、かよ-う,ドウ
1431,痛,12,6,3,Yamaidare,ツウ、いた-い、いた-む、いた-める,
1432,塚,12,7,1,"Tsuchi, Tsuchihen",つか,
1433,漬,14,7,1,"Mizu, Sanzui, Shitamizu",つ-ける、つ-かる,
1434,坪,8,7,1,"Tsuchi, Tsuchihen",つぼ,
1435,爪,4,7,0,Tsumekanmuri,つめ、[つま],が
1436,鶴,21,7,1,Tori,つる,カク
1437,低,7,4,3,"Hito, Ninben, Hitoyane",テイ、ひく-い、ひく-める、ひく-まる,
1438,呈,7,7,1,"Kuchi, Kuchihen",テイ,
1439,廷,7,7,1,Ennyoo,テイ,
1440,弟,7,2,4,"Yumi, Yumihen",テイ、[ダイ]、[デ]、おとうと,
1441,定,8,3,3,Ukanmuri,テイ、ジョウ、さだ-める、さだ-まる、さだ-か,
1442,底,8,4,2,Madare,テイ、そこ,
1443,抵,8,7,1,Tehen,テイ,
1444,邸,8,7,1,Oozato,テイ,やしき
1445,亭,9,7,1,Nabebuta,テイ,チン
1446,貞,9,7,1,"Kai, Kaihen",テイ,ジョウ
1447,帝,9,7,1,"Haba, Kinben",テイ,タイ、みかど
1448,訂,9,7,1,"Gon, Gonben",テイ,
1449,庭,10,3,3,Madare,テイ、にわ,
1450,逓,10,7,1,Shinnyoo,テイ,
1451,停,11,4,2,"Hito, Ninben, Hitoyane",テイ,
1452,偵,11,7,1,"Hito, Ninben, Hitoyane",テイ,
1453,堤,12,7,1,"Tsuchi, Tsuchihen",テイ、つつみ,
1454,提,12,5,1,Tehen,テイ、さ-げる,ダイ、ひっさ、ひ
1455,程,12,5,3,"Nogi, Nogihen",テイ、ほど,
1456,艇,13,7,1,"Fune, Funehen",テイ,
1457,締,15,7,1,"Ito, Itohen",テイ、し-まる、し-める,
1458,諦,16,7,0,"Gon, Gonben",テイ、あきら-める,タイ
1459,泥,8,7,2,"Mizu, Sanzui, Shitamizu",デイ、どろ,なず
1460,的,8,4,4,Shiro,テキ、まと,
1461,笛,11,3,1,"Take, Takekanmuri",テキ、ふえ,
1462,摘,14,7,1,Tehen,テキ、つ-む,
1463,滴,14,7,2,"Mizu, Sanzui, Shitamizu",テキ、しずく、したた-る,
1464,適,14,5,3,Shinnyoo,テキ,かな
1465,敵,15,5,1,Nobun,テキ、かたき,
1466,溺,13,7,0,"Mizu, Sanzui, Shitamizu",デキ、おぼ-れる,
1467,迭,8,7,1,Shinnyoo,テツ,
1468,哲,10,7,1,"Kuchi, Kuchihen",テツ,あき
1469,鉄,13,3,2,"Kane, Kanehen",テツ,くろがね
1470,徹,15,7,1,Gyooninben,テツ,とお
1471,撤,15,7,1,Tehen,テツ,
1472,天,4,1,5,Dai,テン、あめ、[あま],
1473,典,8,4,1,Hachi,テン,のり、つね
1474,店,8,2,4,Madare,テン、みせ,たな、だな
1475,点,9,2,3,"Hi, Hihen, Renga",テン,
1476,展,10,6,2,Shikabane,テン,の
1477,添,11,7,1,"Mizu, Sanzui, Shitamizu",テン、そ-える、そ-う,
1478,転,11,3,4,"Kuruma, Kurumahen",テン、ころ-がる、ころ-げる、ころ-がす、ころ-ぶ,うた
1479,填,13,7,0,"Tsuchi, Tsuchihen",テン,
1480,田,5,1,4,"Ta, Tahen",デン、た,かり、がり
1481,伝,6,4,3,"Hito, Ninben, Hitoyane",デン、つた-わる、つた-える、つた-う,テン
1482,殿,13,7,2,Rumata,デン、テン、との、どの,しんがり
1483,電,13,2,5,"Ame, Amekanmuri",デン,
1484,斗,4,7,1,Tomasu,ト,
1485,吐,6,7,1,"Kuchi, Kuchihen",ト、は-く,
1486,妬,8,7,0,"Onna, Onnahen",ト、ねた-む,
1487,徒,10,4,3,Gyooninben,ト,いたず、かち
1488,途,10,7,3,Shinnyoo,ト,ズ
1489,都,11,3,3,Oozato,ト、ツ、みやこ,す、ず
1490,渡,12,7,3,"Mizu, Sanzui, Shitamizu",ト、わた-る、わた-す,
1491,塗,13,7,2,"Tsuchi, Tsuchihen",ト、ぬ-る,まみ
1492,賭,16,7,0,"Kai, Kaihen",ト、か-ける,
1493,土,3,1,5,"Tsuchi, Tsuchihen",ド、ト、つち,ツ
1494,奴,5,7,1,"Onna, Onnahen",ド,ヌ、やっこ、やつ
1495,努,7,4,3,Chikara,ド、つと-める,
1496,度,9,3,4,Madare,ド、[ト]、[タク]、たび,わた、た
1497,怒,9,7,3,"Kokoro, Risshinben, Shitagokoro",ド、いか-る、おこ-る,ヌ
1498,刀,2,2,1,"Katana, Rittoo",トウ、かたな,ト
1499,冬,5,2,4,Suinyoo,トウ、ふゆ,
1500,灯,6,4,2,"Hi, Hihen, Renga",トウ、ひ,ドン、ともしび、あかし
1501,当,6,2,3,Shoo,トウ、あ-たる、あ-てる,
1502,投,7,3,3,Tehen,トウ、な-げる,
1503,豆,7,3,1,Mame,トウ、[ズ]、まめ,
1504,東,8,2,5,"Ki, Kihen",トウ、ひがし,あずま
1505,到,8,7,3,"Katana, Rittoo",トウ,いた
1506,逃,9,7,3,Shinnyoo,トウ、に-げる、に-がす、のが-す、のが-れる,
1507,倒,10,7,3,"Hito, Ninben, Hitoyane",トウ、たお-れる、たお-す,
1508,凍,10,7,2,Nisui,トウ、こお-る、こご-える,
1509,唐,10,7,0,"Kuchi, Kuchihen",トウ、から,
1510,島,10,3,2,"Yama, Yamahen",トウ、しま,
1511,桃,10,7,1,"Ki, Kihen",トウ、もも,
1512,討,10,6,1,"Gon, Gonben",トウ、う-つ,
1513,透,10,7,1,Shinnyoo,トウ、す-く、す-かす、す-ける,とお
1514,党,10,6,2,Shoo,トウ,
1515,悼,11,7,1,"Kokoro, Risshinben, Shitagokoro",トウ、いた-む,
1516,盗,11,7,3,Sara,トウ、ぬす-む,
1517,陶,11,7,1,Kozatohen,トウ,すえ
1518,塔,12,7,2,"Tsuchi, Tsuchihen",トウ,
1519,搭,12,7,1,Tehen,トウ,
1520,棟,12,7,1,"Ki, Kihen",トウ、むね、[むな],
1521,湯,12,3,2,"Mizu, Sanzui, Shitamizu",トウ、ゆ,タン
1522,痘,12,7,1,Yamaidare,トウ,
1523,登,12,3,3,Hatsugashira,トウ、ト、のぼ-る,の
1524,答,12,2,4,"Take, Takekanmuri",トウ、こた-える、こた-え,
1525,等,12,3,3,"Take, Takekanmuri",トウ、ひと-しい,ら、ま
1526,筒,12,7,2,"Take, Takekanmuri",トウ、つつ,
1527,統,12,5,1,"Ito, Itohen",トウ、す-べる,
1528,稲,14,7,1,"Nogi, Nogihen",トウ、いね、[いな],
1529,踏,15,7,1,"Ashi, Ashihen",トウ、ふ-む、ふ-まえる,
1530,糖,16,6,1,"Kome, Komehen",トウ,
1531,頭,16,2,3,Oogai,トウ、ズ、[ト]、あたま、かしら,ジュウ、かみ、がみ
1532,謄,17,7,1,"Gon, Gonben",トウ,
1533,藤,18,7,1,Kusakanmuri,トウ、ふじ,
1534,闘,18,7,1,Mongamae,トウ、たたか-う,
1535,騰,20,7,1,"Uma, Umahen",トウ,あ
1536,同,6,2,4,"Kuchi, Kuchihen",ドウ、おな-じ,
1537,洞,9,7,1,"Mizu, Sanzui, Shitamizu",ドウ、ほら,トウ
1538,胴,10,7,1,"Niku, Nikuzuki",ドウ,
1539,動,11,3,4,Chikara,ドウ、うご-く、うご-かす,
1540,堂,11,4,4,"Tsuchi, Tsuchihen",ドウ,
1541,童,12,3,2,Tatsu,ドウ、わらべ,わらわ
1542,道,12,2,4,Shinnyoo,ドウ、[トウ]、みち,い
1543,働,13,4,3,"Hito, Ninben, Hitoyane",ドウ、はたら-く,
1544,銅,14,5,2,"Kane, Kanehen",ドウ,
1545,導,15,5,2,Sun,ドウ、みちび-く,
1546,瞳,17,7,1,"Me, Mehen",ドウ、ひとみ,トウ
1547,峠,9,7,1,"Yama, Yamahen",とうげ,
1548,匿,10,7,1,Kakushigamae,トク,かく
1549,特,10,4,4,"Ushi, Ushihen",トク,
1550,得,11,4,3,Gyooninben,トク、え-る、う-る,
1551,督,13,7,1,"Me, Mehen",トク,
1552,徳,14,5,1,Gyooninben,トク,
1553,篤,16,7,1,"Take, Takekanmuri",トク,あつ
1554,毒,8,4,2,"Haha, Hahanokan",ドク,
1555,独,9,5,1,"Inu, Kemonohen",ドク、ひと-り,
1556,読,14,2,5,"Gon, Gonben",ドク、トク、[トウ]、よ-む,と、ど
1557,栃,9,7,0,"Ki, Kihen",[とち],
1558,凸,5,7,1,Ukebako,トツ,
1559,突,8,7,3,"Ana, Anakanmuri",トツ、つ-く,
1560,届,8,6,2,Shikabane,とど-ける、とど-く,
1561,屯,4,7,1,Tetsu,トン,たむろ
1562,豚,11,7,1,Inoko,トン、ぶた,
1563,頓,13,7,0,Oogai,トン,とみ
1564,貪,11,7,0,"Kai, Kaihen",ドン、むさぼ-る,
1565,鈍,12,7,2,"Kane, Kanehen",ドン、にぶ-い、にぶ-る,
1566,曇,16,7,2,"Nichi, Nichihen",ドン、くも-る,
1567,丼,5,7,0,Ten,どんぶり、[どん],
1568,那,7,7,1,Oozato,ナ,
1569,奈,8,7,1,Dai,ナ,
1570,内,4,2,3,"Hito, Ninben, Hitoyane",ナイ、[ダイ]、うち,ノウ、い
1571,梨,11,7,1,"Ki, Kihen",なし,リ
1572,謎,17,7,0,"Gon, Gonben",なぞ,
1573,鍋,17,7,0,"Kane, Kanehen",なべ,
1574,南,9,2,5,Juu,ナン、[ナ]、みなみ,
1575,軟,11,7,2,"Kuruma, Kurumahen",ナン、やわ-らか、やわ-らかい,
1576,難,18,6,3,Furutori,ナン、かた-い、むずか-しい,ナ
1577,二,2,1,5,Ni,ニ、ふた、ふた-つ,ジ
1578,尼,5,7,1,Shikabane,ニ、あま,
1579,弐,6,7,1,Shikigamae,ニ,
1580,匂,4,7,0,Tsutsumigamae,にお-う,
1581,肉,6,2,4,"Niku, Nikuzuki",ニク,
1582,虹,9,7,1,"Mushi, Mushihen",にじ,コウ
1583,日,4,1,5,"Nichi, Nichihen",ニチ、ジツ、ひ、か,
1584,入,2,1,5,Iru,ニュウ、い-る、い-れる、はい-る,ジュ、しお
1585,乳,8,6,2,"Otsu, Otsunyoo",ニュウ、ちち、ち,
1586,尿,7,7,1,Shikabane,ニョウ,
1587,任,6,5,3,"Hito, Ninben, Hitoyane",ニン、まか-せる、まか-す,
1588,妊,7,7,1,"Onna, Onnahen",ニン,
1589,忍,7,7,1,"Kokoro, Risshinben, Shitagokoro",ニン、しの-ぶ、しの-ばせる,
1590,認,14,6,3,"Gon, Gonben",ニン、みと-める,したた
1591,寧,14,7,1,Ukanmuri,ネイ,やす、むし
1592,熱,15,4,3,"Hi, Hihen, Renga",ネツ、あつ-い,
1593,年,6,1,5,Ichijuu,ネン、とし,
1594,念,8,4,3,"Kokoro, Risshinben, Shitagokoro",ネン,
1595,捻,11,7,0,Tehen,ネン,ひね
1596,粘,11,7,1,"Kome, Komehen",ネン、ねば-る,
1597,燃,16,5,2,"Hi, Hihen, Renga",ネン、も-える、も-やす、も-す,
1598,悩,10,7,2,"Kokoro, Risshinben, Shitagokoro",ノウ、なや-む、なや-ます,
1599,納,10,6,1,"Ito, Itohen",ノウ、[ナッ]、[ナ]、[ナン]、[トウ]、おさ-める、おさ-まる,い
1600,能,10,5,3,"Niku, Nikuzuki",ノウ,ノ、あた、よ、た
1601,脳,11,6,2,"Niku, Nikuzuki",ノウ,
1602,農,13,3,2,Shinnotatsu,ノウ,ノ
1603,濃,16,7,2,"Mizu, Sanzui, Shitamizu",ノウ、こ-い,
1604,把,7,7,1,Tehen,ハ,と
1605,波,8,3,2,"Mizu, Sanzui, Shitamizu",ハ、なみ,
1606,派,9,6,1,"Mizu, Sanzui, Shitamizu",ハ,
1607,破,10,5,3,"Ishi, Ishihen",ハ、やぶ-る、やぶ-れる,わ
1608,覇,19,7,1,Nishi,ハ,
1609,馬,10,2,3,"Uma, Umahen",バ、うま、[ま],メ
1610,婆,11,7,1,"Onna, Onnahen",バ,ポ
1611,罵,15,7,0,Amigashira,バ、ののし-る,
1612,拝,8,6,2,Tehen,ハイ、おが-む,
1613,杯,8,7,3,"Ki, Kihen",ハイ、さかずき,
1614,背,9,6,3,"Niku, Nikuzuki",ハイ、せ、せい、そむ-く、そむ-ける,
1615,肺,9,6,1,"Niku, Nikuzuki",ハイ,
1616,俳,10,6,1,"Hito, Ninben, Hitoyane",ハイ,
1617,配,10,3,3,"Tori, Torihen",ハイ、くば-る,
1618,排,11,7,1,Tehen,ハイ,
1619,敗,11,4,3,Nobun,ハイ、やぶ-れる,
1620,廃,12,7,1,Madare,ハイ、すた-れる、すた-る,
1621,輩,15,7,1,"Kuruma, Kurumahen",ハイ,ともがら
1622,売,7,2,4,Samurai,バイ、う-る、う-れる,マイ、メ
1623,倍,10,3,2,"Hito, Ninben, Hitoyane",バイ,ベ
1624,梅,10,4,1,"Ki, Kihen",バイ、うめ,メ
1625,培,11,7,1,"Tsuchi, Tsuchihen",バイ、つちか-う,
1626,陪,11,7,1,Kozatohen,バイ,
1627,媒,12,7,1,"Onna, Onnahen",バイ,なかだち、なこうど
1628,買,12,2,4,"Kai, Kaihen",バイ、か-う,
1629,賠,15,7,1,"Kai, Kaihen",バイ,
1630,白,5,1,5,Shiro,ハク、ビャク、しろ、[しら]、しろ-い,
1631,伯,7,7,1,"Hito, Ninben, Hitoyane",ハク,
1632,拍,8,7,1,Tehen,ハク、[ヒョウ],
1633,泊,8,7,2,"Mizu, Sanzui, Shitamizu",ハク、と-まる、と-める,
1634,迫,8,7,1,Shinnyoo,ハク、せま-る,
1635,剥,10,7,0,"Katana, Rittoo",ハク、は-がす、は-ぐ、は-がれる、は-げる,む
1636,舶,11,7,1,"Fune, Funehen",ハク,
1637,博,12,4,1,Juu,ハク、[バク],ひろ
1638,薄,16,7,2,Kusakanmuri,ハク、うす-い、うす-める、うす-まる、うす-らぐ、うす-れる,すすき
1639,麦,7,2,2,Mugi,バク、むぎ,
1640,漠,13,7,1,"Mizu, Sanzui, Shitamizu",バク,ひろ
1641,縛,16,7,1,"Ito, Itohen",バク、しば-る,
1642,爆,19,7,2,"Hi, Hihen, Renga",バク,
1643,箱,15,3,3,"Take, Takekanmuri",はこ,
1644,箸,15,7,0,"Take, Takekanmuri",はし,
1645,畑,9,3,0,"Ta, Tahen",はた、はたけ,
1646,肌,6,7,2,"Niku, Nikuzuki",はだ,キ
1647,八,2,1,5,Hachi,ハチ、や、や-つ、やっ-つ、[よう],ハツ
1648,鉢,13,7,1,"Kane, Kanehen",ハチ、[ハツ],
1649,発,9,3,4,Hatsugashira,ハツ、ホツ,
1650,髪,14,7,3,Kamigashira,ハツ、かみ,
1651,伐,6,7,1,"Hito, Ninben, Hitoyane",バツ,き、う
1652,抜,7,7,3,Tehen,バツ、ぬ-く、ぬ-ける、ぬ-かす、ぬ-かる,
1653,罰,14,7,1,Amigashira,バツ、バチ,
1654,閥,14,7,1,Mongamae,バツ,
1655,反,4,3,3,Mata,ハン、[ホン]、[タン]、そ-る、そ-らす,
1656,半,5,2,5,Juu,ハン、なか-ば,
1657,氾,5,7,0,"Mizu, Sanzui, Shitamizu",ハン,
1658,犯,5,5,3,"Inu, Kemonohen",ハン、おか-す,ボン
1659,帆,6,7,1,"Haba, Kinben",ハン、ほ,
1660,汎,6,7,0,"Mizu, Sanzui, Shitamizu",ハン,
1661,伴,7,7,1,"Hito, Ninben, Hitoyane",ハン、バン、ともな-う,とも
1662,判,7,5,3,"Katana, Rittoo",ハン、バン,わか
1663,坂,7,3,2,"Tsuchi, Tsuchihen",ハン、さか,
1664,阪,7,7,3,Kozatohen,ハン,さか、ざか
1665,板,8,3,2,"Ki, Kihen",ハン、バン、いた,
1666,版,8,5,2,Katahen,ハン,
1667,班,10,6,1,"Tama, Oo",ハン,
1668,畔,10,7,1,"Ta, Tahen",ハン,ほとり、あぜ、くろ、ぐろ
1669,般,10,7,2,"Fune, Funehen",ハン,
1670,販,11,7,2,"Kai, Kaihen",ハン,
1671,斑,12,7,0,Bun,ハン,まだら、ふ
1672,飯,12,4,4,"Shoku, Shokuhen",ハン、めし,いい
1673,搬,13,7,1,Tehen,ハン,
1674,煩,13,7,1,"Hi, Hihen, Renga",ハン、[ボン]、わずら-う、わずら-わす,
1675,頒,13,7,1,Oogai,ハン,
1676,範,15,7,1,"Take, Takekanmuri",ハン,のり
1677,繁,16,7,1,"Ito, Itohen",ハン,しげ
1678,藩,18,7,1,Kusakanmuri,ハン,
1679,晩,12,6,3,"Nichi, Nichihen",バン,
1680,番,12,2,3,"Ta, Tahen",バン,つが
1681,蛮,12,7,1,"Mushi, Mushihen",バン,
1682,盤,15,7,1,Sara,バン,ハン
1683,比,4,5,2,Kuraberu,ヒ、くら-べる,
1684,皮,5,3,2,Kegawa,ヒ、かわ,
1685,妃,6,7,1,"Onna, Onnahen",ヒ,
1686,否,7,6,3,"Kuchi, Kuchihen",ヒ、いな,
1687,批,7,6,2,Tehen,ヒ,
1688,彼,8,7,3,Gyooninben,ヒ、かれ、[かの],か
1689,披,8,7,1,Tehen,ヒ,
1690,肥,8,5,1,"Niku, Nikuzuki",ヒ、こ-える、こえ、こ-やす、こ-やし,
1691,非,8,5,3,Arazu,ヒ,
1692,卑,9,7,1,Juu,ヒ、いや-しい、いや-しむ、いや-しめる,
1693,飛,9,4,3,Tobu,ヒ、と-ぶ、と-ばす,
1694,疲,10,7,3,Yamaidare,ヒ、つか-れる,
1695,秘,10,6,1,"Nogi, Nogihen",ヒ、ひ-める,
1696,被,10,7,2,"Koromo, Koromohen",ヒ、こうむ-る,かず、かぶ
1697,悲,12,3,3,"Kokoro, Risshinben, Shitagokoro",ヒ、かな-しい、かな-しむ,
1698,扉,12,7,1,"To, Tokanmuri",ヒ、とびら,
1699,費,12,4,3,"Kai, Kaihen",ヒ、つい-やす、つい-える,
1700,碑,14,7,1,"Ishi, Ishihen",ヒ,いしぶみ
1701,罷,15,7,1,Amigashira,ヒ,まか、や
1702,避,16,7,1,Shinnyoo,ヒ、さ-ける,
1703,尾,7,7,1,Shikabane,ビ、お,ミ
1704,眉,9,7,1,"Me, Mehen",ビ、[ミ]、まゆ,
1705,美,9,3,3,Hitsuji,ビ、うつく-しい,ミ、うま、よ
1706,備,12,5,3,"Hito, Ninben, Hitoyane",ビ、そな-える、そな-わる,つぶさ
1707,微,13,7,1,Gyooninben,ビ,ミ、かす
1708,鼻,14,3,2,Hana,ビ、はな,
1709,膝,15,7,0,"Niku, Nikuzuki",ひざ,シツ、シッ
1710,肘,7,7,0,"Niku, Nikuzuki",ひじ,チュウ
1711,匹,4,7,2,Kakushigamae,ヒツ、ひき,ピキ
1712,必,5,4,3,"Kokoro, Risshinben, Shitagokoro",ヒツ、かなら-ず,
1713,泌,8,7,1,"Mizu, Sanzui, Shitamizu",ヒツ、ヒ,
1714,筆,12,3,2,"Take, Takekanmuri",ヒツ、ふで,
1715,姫,10,7,1,"Onna, Onnahen",ひめ,キ
1716,百,6,1,5,Shiro,ヒャク,もも
1717,氷,5,3,2,"Mizu, Sanzui, Shitamizu",ヒョウ、こおり、ひ,こお
1718,表,8,3,3,"Koromo, Koromohen",ヒョウ、おもて、あらわ-す、あらわ-れる,
1719,俵,10,5,1,"Hito, Ninben, Hitoyane",ヒョウ、たわら,
1720,票,11,4,1,"Shimesu, Shimesuhen",ヒョウ,
1721,評,12,5,2,"Gon, Gonben",ヒョウ,
1722,漂,14,7,1,"Mizu, Sanzui, Shitamizu",ヒョウ、ただよ-う,
1723,標,15,4,2,"Ki, Kihen",ヒョウ,
1724,苗,8,7,1,Kusakanmuri,ビョウ、なえ、[なわ],ミョウ
1725,秒,9,3,2,"Nogi, Nogihen",ビョウ,
1726,病,10,3,4,Yamaidare,ビョウ、[ヘイ]、や-む、やまい,うれ
1727,描,11,7,1,Tehen,ビョウ、えが-く、か-く,
1728,猫,11,7,3,"Inu, Kemonohen",ビョウ、ねこ,ミョウ
1729,品,9,3,4,"Kuchi, Kuchihen",ヒン、しな,ホン、ポン、ボン
1730,浜,10,7,1,"Mizu, Sanzui, Shitamizu",ヒン、はま,
1731,貧,11,5,3,"Kai, Kaihen",ヒン、ビン、まず-しい,
1732,賓,15,7,1,"Kai, Kaihen",ヒン,まろうど
1733,頻,17,7,1,Oogai,ヒン,しき
1734,敏,10,7,1,Nobun,ビン,さと、と、ざと
1735,瓶,11,7,1,Kawara,ビン,ヘイ、かめ、がめ
1736,不,4,4,4,Fu,フ、ブ,
1737,夫,4,4,3,Dai,フ、[フウ]、おっと,か
1738,父,4,2,5,Chichi,フ、ちち,
1739,付,5,4,3,"Hito, Ninben, Hitoyane",フ、つ-ける、つ-く,
1740,布,5,5,2,"Haba, Kinben",フ、ぬの,ホ、し
1741,扶,7,7,1,Tehen,フ,
1742,府,8,4,2,Madare,フ,
1743,怖,8,7,3,"Kokoro, Risshinben, Shitagokoro",フ、こわ-い,
1744,阜,8,7,0,Kozatohen,[フ],おか
1745,附,8,7,1,Kozatohen,フ,つ、づ
1746,訃,9,7,0,"Gon, Gonben",フ,
1747,負,9,3,3,"Kai, Kaihen",フ、ま-ける、ま-かす、お-う,
1748,赴,9,7,1,"Hashiru, Soonyoo",フ、おもむ-く,
1749,浮,10,7,3,"Mizu, Sanzui, Shitamizu",フ、う-く、う-かれる、う-かぶ、う-かべる,
1750,婦,11,5,3,"Onna, Onnahen",フ,
1751,符,11,7,2,"Take, Takekanmuri",フ,
1752,富,12,5,3,Ukanmuri,フ、[フウ]、と-む、とみ,
1753,普,12,7,2,"Nichi, Nichihen",フ,あまね
1754,腐,14,7,1,"Niku, Nikuzuki",フ、くさ-る、くさ-れる、くさ-らす,
1755,敷,15,7,1,Nobun,フ、し-く,
1756,膚,15,7,2,"Niku, Nikuzuki",フ,はだ
1757,賦,15,7,1,"Kai, Kaihen",フ,
1758,譜,19,7,1,"Gon, Gonben",フ,
1759,侮,8,7,1,"Hito, Ninben, Hitoyane",ブ、あなど-る,
1760,武,8,5,2,Tomeru,ブ、ム,
1761,部,11,3,3,Oozato,ブ,フ、わ、べ
1762,舞,15,7,3,Maiashi,ブ、ま-う、まい,
1763,封,9,7,2,Sun,フウ、ホウ,
1764,風,9,2,4,Kaze,フウ、[フ]、かぜ、[かざ],
1765,伏,6,7,1,"Hito, Ninben, Hitoyane",フク、ふ-せる、ふ-す,
1766,服,8,3,4,"Tsuki, Tsukihen",フク,
1767,副,11,4,2,"Katana, Rittoo",フク,フ、そ、ぞ
1768,幅,12,7,2,"Haba, Kinben",フク、はば,
1769,復,12,5,2,Gyooninben,フク,
1770,福,13,3,3,"Shimesu, Shimesuhen",フク,
1771,腹,13,6,3,"Niku, Nikuzuki",フク、はら,
1772,複,14,5,2,"Koromo, Koromohen",フク,
1773,覆,18,7,1,Nishi,フク、おお-う、くつがえ-す、くつがえ-る,フ
1774,払,5,7,3,Tehen,フツ、はら-う,
1775,沸,8,7,2,"Mizu, Sanzui, Shitamizu",フツ、わ-く、わ-かす,
1776,仏,4,5,2,"Hito, Ninben, Hitoyane",ブツ、ほとけ,フツ
1777,物,8,3,4,"Ushi, Ushihen",ブツ、モツ、もの,
1778,粉,10,4,2,"Kome, Komehen",フン、こ、こな,
1779,紛,10,7,1,"Ito, Itohen",フン、まぎ-れる、まぎ-らす、まぎ-らわす、まぎ-らわしい,まが
1780,雰,12,7,1,"Ame, Amekanmuri",フン,きり
1781,噴,15,7,1,"Kuchi, Kuchihen",フン、ふ-く,
1782,墳,15,7,1,"Tsuchi, Tsuchihen",フン,
1783,憤,15,7,1,"Kokoro, Risshinben, Shitagokoro",フン、いきどお-る,
1784,奮,16,6,1,Dai,フン、ふる-う,
1785,分,4,2,5,"Katana, Rittoo",ブン、フン、ブ、わ-ける、わ-かれる、わ-かる、わ-かつ,
1786,文,4,1,4,Bun,ブン、モン、ふみ,あや、もじ
1787,聞,14,2,5,"Mimi, Mimihen",ブン、モン、き-く、き-こえる,
1788,丙,5,7,1,Ichi,ヘイ,ひのえ
1789,平,5,3,3,Ichijuu,ヘイ、ビョウ、たい-ら、ひら,ヒョウ、ピョウ
1790,兵,7,4,2,Hachi,ヘイ、ヒョウ,つわもの
1791,併,8,7,1,"Hito, Ninben, Hitoyane",ヘイ、あわ-せる,しか
1792,並,8,6,2,Ni,ヘイ、なみ、なら-べる、なら-ぶ、なら-びに,な
1793,柄,9,7,1,"Ki, Kihen",ヘイ、がら、え,
1794,陛,10,6,1,Kozatohen,ヘイ,
1795,閉,11,6,3,Mongamae,ヘイ、と-じる、と-ざす、し-める、し-まる,
1796,塀,12,7,1,"Tsuchi, Tsuchihen",ヘイ,
1797,幣,15,7,1,"Haba, Kinben",ヘイ,ぬさ
1798,弊,15,7,1,"Komanuki, Nijuuashi",ヘイ,
1799,蔽,15,7,0,Kusakanmuri,ヘイ,おお
1800,餅,15,7,0,"Shoku, Shokuhen",ヘイ、もち,
1801,米,6,2,3,"Kome, Komehen",ベイ、マイ、こめ,よね
1802,壁,16,7,2,"Tsuchi, Tsuchihen",ヘキ、かべ,
1803,璧,18,7,0,"Tama, Oo",ヘキ,
1804,癖,18,7,1,Yamaidare,ヘキ、くせ,
1805,別,7,4,4,"Katana, Rittoo",ベツ、わか-れる,
1806,蔑,14,7,0,Kusakanmuri,ベツ、さげす-む,
1807,片,4,6,2,Katahen,ヘン、かた,
1808,辺,5,4,2,Shinnyoo,ヘン、あた-り、べ,ふち、は、へ
1809,返,7,3,3,Shinnyoo,ヘン、かえ-す、かえ-る,
1810,変,9,4,3,Suinyoo,ヘン、か-わる、か-える,
1811,偏,11,7,1,"Hito, Ninben, Hitoyane",ヘン、かたよ-る,
1812,遍,12,7,1,Shinnyoo,ヘン,あまね
1813,編,15,5,2,"Ito, Itohen",ヘン、あ-む,
1814,弁,5,5,1,"Komanuki, Nijuuashi",ベン,わきま
1815,便,9,4,3,"Hito, Ninben, Hitoyane",ベン、ビン、たよ-り,
1816,勉,10,3,4,Chikara,ベン,つと
1817,歩,8,2,4,Tomeru,ホ、ブ、[フ]、ある-く、あゆ-む,
1818,保,9,5,2,"Hito, Ninben, Hitoyane",ホ、たも-つ,やす
1819,哺,10,7,0,"Kuchi, Kuchihen",ホ,
1820,捕,10,7,3,Tehen,ホ、と-らえる、と-らわれる、と-る、つか-まえる、つか-まる,
1821,補,12,6,2,"Koromo, Koromohen",ホ、おぎな-う,フ
1822,舗,15,7,1,"Hito, Ninben, Hitoyane",ホ,
1823,母,5,2,5,"Haha, Hahanokan",ボ、はは,モ
1824,募,12,7,2,Chikara,ボ、つの-る,
1825,墓,13,5,1,"Tsuchi, Tsuchihen",ボ、はか,
1826,慕,14,7,1,"Kokoro, Risshinben, Shitagokoro",ボ、した-う,
1827,暮,14,6,3,"Nichi, Nichihen",ボ、く-れる、く-らす,
1828,簿,19,7,1,"Take, Takekanmuri",ボ,
1829,方,4,2,4,"Hoo, Hoohen",ホウ、かた,まさ、あ
1830,包,5,4,2,Tsutsumigamae,ホウ、つつ-む,
1831,芳,7,7,1,Kusakanmuri,ホウ、かんば-しい,かお
1832,邦,7,7,1,Oozato,ホウ,くに
1833,奉,8,7,1,Dai,ホウ、[ブ]、たてまつ-る,
1834,宝,8,6,2,Ukanmuri,ホウ、たから,ホ、ボ
1835,抱,8,7,3,Tehen,ホウ、だ-く、いだ-く、かか-える,
1836,放,8,3,3,Nobun,ホウ、はな-す、はな-つ、はな-れる、ほう-る,いた
1837,法,8,4,3,"Mizu, Sanzui, Shitamizu",ホウ、[ハッ]、[ホッ],のっと、のり
1838,泡,8,7,1,"Mizu, Sanzui, Shitamizu",ホウ、あわ,
1839,胞,9,7,1,"Niku, Nikuzuki",ホウ,
1840,俸,10,7,1,"Hito, Ninben, Hitoyane",ホウ,
1841,倣,10,7,1,"Hito, Ninben, Hitoyane",ホウ、なら-う,
1842,峰,10,7,1,"Yama, Yamahen",ホウ、みね,ブ、プ
1843,砲,10,7,1,"Ishi, Ishihen",ホウ,
1844,崩,11,7,1,"Yama, Yamahen",ホウ、くず-れる、くず-す,
1845,訪,11,6,3,"Gon, Gonben",ホウ、おとず-れる、たず-ねる,と
1846,報,12,5,3,"Tsuchi, Tsuchihen",ホウ、むく-いる,し
1847,蜂,13,7,0,"Mushi, Mushihen",ホウ、はち,
1848,豊,13,5,2,Mame,ホウ、ゆた-か,ブ
1849,飽,13,7,1,"Shoku, Shokuhen",ホウ、あ-きる、あ-かす,
1850,褒,15,7,1,"Koromo, Koromohen",ホウ、ほ-める,
1851,縫,16,7,1,"Ito, Itohen",ホウ、ぬ-う,
1852,亡,3,6,3,Nabebuta,ボウ、[モウ]、な-い,ほろ
1853,乏,4,7,1,No,ボウ、とぼ-しい,
1854,忙,6,7,3,"Kokoro, Risshinben, Shitagokoro",ボウ、いそが-しい,
1855,坊,7,7,0,"Tsuchi, Tsuchihen",ボウ、[ボッ],
1856,妨,7,7,1,"Onna, Onnahen",ボウ、さまた-げる,
1857,忘,7,6,3,"Kokoro, Risshinben, Shitagokoro",ボウ、わす-れる,
1858,防,7,5,2,Kozatohen,ボウ、ふせ-ぐ,ホウ
1859,房,8,7,1,"To, Tokanmuri",ボウ、ふさ,ホウ
1860,肪,8,7,1,"Niku, Nikuzuki",ボウ,
1861,某,9,7,1,"Ki, Kihen",ボウ,
1862,冒,9,7,1,Hirabi,ボウ、おか-す,
1863,剖,10,7,1,"Katana, Rittoo",ボウ,
1864,紡,10,7,1,"Ito, Itohen",ボウ、つむ-ぐ,
1865,望,11,4,3,"Tsuki, Tsukihen",ボウ、モウ、のぞ-む,もち
1866,傍,12,7,1,"Hito, Ninben, Hitoyane",ボウ、かたわ-ら,ホウ
1867,帽,12,7,2,"Haba, Kinben",ボウ,
1868,棒,12,6,2,"Ki, Kihen",ボウ,
1869,貿,12,5,2,"Kai, Kaihen",ボウ,
1870,貌,14,7,0,"Mujina, Mujinahen",ボウ,かたち
1871,暴,15,5,2,"Nichi, Nichihen",ボウ、[バク]、あば-く、あば-れる,
1872,膨,16,7,1,"Niku, Nikuzuki",ボウ、ふく-らむ、ふく-れる,
1873,謀,16,7,1,"Gon, Gonben",ボウ、[ム]、はか-る,
1874,頬,16,7,0,Oogai,ほお,キョウ、ほほ
1875,北,5,2,5,Hi,ホク、きた,
1876,木,4,1,5,"Ki, Kihen",ボク、モク、き、[こ],
1877,朴,6,7,1,"Ki, Kihen",ボク,ほお
1878,牧,8,4,1,"Ushi, Ushihen",ボク、まき,モク、か、が
1879,睦,13,7,1,"Me, Mehen",ボク,むつ
1880,僕,14,7,1,"Hito, Ninben, Hitoyane",ボク,
1881,墨,14,7,1,"Tsuchi, Tsuchihen",ボク、すみ,
1882,撲,15,7,1,Tehen,ボク,
1883,没,7,7,1,"Mizu, Sanzui, Shitamizu",ボツ,モツ、モッ
1884,勃,9,7,0,Chikara,ボツ,
1885,堀,11,7,1,"Tsuchi, Tsuchihen",ほり,ほ
1886,本,5,1,5,"Ki, Kihen",ホン、もと,
1887,奔,8,7,1,Dai,ホン,
1888,翻,18,7,1,Hane,ホン、ひるがえ-る、ひるがえ-す,
1889,凡,3,7,1,Tsukue,ボン、[ハン],
1890,盆,9,7,1,Sara,ボン,
1891,麻,11,7,1,Asa,マ、あさ,
1892,摩,15,7,1,Te,マ,す
1893,磨,16,7,2,"Ishi, Ishihen",マ、みが-く,
1894,魔,21,7,1,"Oni, Kinyoo",マ,
1895,毎,6,2,5,"Haha, Hahanokan",マイ,ごと
1896,妹,8,2,4,"Onna, Onnahen",マイ、いもうと,
1897,枚,8,6,2,"Ki, Kihen",マイ,
1898,昧,9,7,0,"Nichi, Nichihen",マイ,
1899,埋,10,7,2,"Tsuchi, Tsuchihen",マイ、う-める、う-まる、う-もれる,
1900,幕,13,6,1,"Haba, Kinben",マク、バク,
1901,膜,14,7,1,"Niku, Nikuzuki",マク,
1902,枕,8,7,0,"Ki, Kihen",まくら,チン
1903,又,2,7,1,Mata,また,
1904,末,5,4,3,"Ki, Kihen",マツ、バツ、すえ,
1905,抹,8,7,1,Tehen,マツ,
1906,万,3,2,5,Ichi,マン、バン,よろず
1907,満,12,4,3,"Mizu, Sanzui, Shitamizu",マン、み-ちる、み-たす,
1908,慢,14,7,1,"Kokoro, Risshinben, Shitagokoro",マン,
1909,漫,14,7,1,"Mizu, Sanzui, Shitamizu",マン,
1910,未,5,4,3,"Ki, Kihen",ミ,ひつじ、いま
1911,味,8,3,4,"Kuchi, Kuchihen",ミ、あじ、あじ-わう,
1912,魅,15,7,1,"Oni, Kinyoo",ミ,
1913,岬,8,7,1,"Yama, Yamahen",みさき,
1914,密,11,6,1,Ukanmuri,ミツ,ひそ
1915,蜜,14,7,0,"Mushi, Mushihen",ミツ,
1916,脈,10,4,1,"Niku, Nikuzuki",ミャク,
1917,妙,7,7,1,"Onna, Onnahen",ミョウ,たえ
1918,民,5,4,3,Uji,ミン、たみ,
1919,眠,10,7,3,"Me, Mehen",ミン、ねむ-る、ねむ-い,
1920,矛,5,7,1,Hoko,ム、ほこ,
1921,務,11,5,3,Chikara,ム、つと-める、つと-まる,
1922,無,12,4,2,"Hi, Hihen, Renga",ム、ブ、な-い,
1923,夢,13,5,3,Yuube,ム、ゆめ,
1924,霧,19,7,1,"Ame, Amekanmuri",ム、きり,
1925,娘,10,7,3,"Onna, Onnahen",むすめ,
1926,名,6,1,5,"Kuchi, Kuchihen",メイ、ミョウ、な,
1927,命,8,3,3,"Kuchi, Kuchihen",メイ、ミョウ、いのち,
1928,明,8,2,4,"Nichi, Nichihen",メイ、ミョウ、あ-かり、あか-るい、あか-るむ、あか-らむ、あき-らか、あ-ける、あ-く、あ-くる、あ-かす,ミン
1929,迷,9,5,3,Shinnyoo,メイ、まよ-う,マイ
1930,冥,10,7,0,Wakanmuri,メイ、ミョウ,
1931,盟,13,6,1,Sara,メイ,
1932,銘,14,7,1,"Kane, Kanehen",メイ,
1933,鳴,14,2,3,Tori,メイ、な-く、な-る、な-らす,
1934,滅,13,7,1,"Mizu, Sanzui, Shitamizu",メツ、ほろ-びる、ほろ-ぼす,メチ
1935,免,8,7,1,Hitoashi,メン、まぬか-れる,
1936,面,9,3,3,Men,メン、おも、おもて、つら,
1937,綿,14,5,2,"Ito, Itohen",メン、わた,
1938,麺,16,7,0,Mugi,メン,
1939,茂,8,7,1,Kusakanmuri,モ、しげ-る,ム
1940,模,14,6,1,"Ki, Kihen",モ、ボ,
1941,毛,4,2,2,Ke,モウ、け,モ
1942,妄,6,7,1,"Onna, Onnahen",モウ、ボウ,
1943,盲,8,7,1,"Me, Mehen",モウ,
1944,耗,10,7,1,Sukihen,モウ、[コウ],
1945,猛,11,7,1,"Inu, Kemonohen",モウ,たけだけ、たけ
1946,網,14,7,1,"Ito, Itohen",モウ、あみ,
1947,目,5,1,4,"Me, Mehen",モク、[ボク]、め、[ま],
1948,黙,15,7,1,Kuro,モク、だま-る,もだ
1949,門,8,2,3,Mongamae,モン、かど,
1950,紋,10,7,1,"Ito, Itohen",モン,
1951,問,11,3,4,"Kuchi, Kuchihen",モン、と-う、と-い、[とん],
1952,冶,7,7,1,Nisui,ヤ,
1953,夜,8,2,4,Yuube,ヤ、よ、よる,
1954,野,11,2,4,"Sato, Satohen",ヤ、の,
1955,弥,8,7,1,"Yumi, Yumihen",や,ビ、ミ、わた
1956,厄,4,7,1,Gandare,ヤク,
1957,役,7,3,3,Gyooninben,ヤク、エキ,
1958,約,9,4,3,"Ito, Itohen",ヤク,
1959,訳,11,6,1,"Gon, Gonben",ヤク、わけ,
1960,薬,16,3,3,Kusakanmuri,ヤク、くすり,
1961,躍,21,7,1,"Ashi, Ashihen",ヤク、おど-る,
1962,闇,17,7,0,Mongamae,やみ,
1963,由,5,3,3,"Ta, Tahen",ユ、ユウ、[ユイ]、よし,よ
1964,油,8,3,2,"Mizu, Sanzui, Shitamizu",ユ、あぶら,
1965,喩,12,7,0,"Kuchi, Kuchihen",ユ,たと
1966,愉,12,7,1,"Kokoro, Risshinben, Shitagokoro",ユ,たの
1967,諭,16,7,1,"Gon, Gonben",ユ、さと-す,
1968,輸,16,5,2,"Kuruma, Kurumahen",ユ,
1969,癒,18,7,1,Yamaidare,ユ、い-える、い-やす,
1970,唯,11,7,1,"Kuchi, Kuchihen",ユイ、[イ],た
1971,友,4,2,5,Mata,ユウ、とも,ウ
1972,有,6,3,4,"Tsuki, Tsukihen",ユウ、ウ、あ-る,ま
1973,勇,9,4,2,Chikara,ユウ、いさ-む,ユ
1974,幽,9,7,1,Itogashira,ユウ,かす
1975,悠,11,7,1,"Kokoro, Risshinben, Shitagokoro",ユウ,はる
1976,郵,11,6,2,Oozato,ユウ,
1977,湧,12,7,1,"Mizu, Sanzui, Shitamizu",ユウ、わ-く,
1978,猶,12,7,1,"Inu, Kemonohen",ユウ,なお
1979,裕,12,7,1,"Koromo, Koromohen",ユウ,ユ
1980,遊,12,3,3,Shinnyoo,ユウ、[ユ]、あそ-ぶ,
1981,雄,12,7,1,Furutori,ユウ、お、おす,ユ
1982,誘,14,7,1,"Gon, Gonben",ユウ、さそ-う,
1983,憂,15,7,1,"Kokoro, Risshinben, Shitagokoro",ユウ、うれ-える、うれ-い、う-い,
1984,融,16,7,1,"Mushi, Mushihen",ユウ,と、ど
1985,優,17,6,3,"Hito, Ninben, Hitoyane",ユウ、やさ-しい、すぐ-れる,ウ
1986,与,3,7,3,Ichi,ヨ、あた-える,あずか、くみ
1987,予,4,3,3,Haneboo,ヨ,あらかじ
1988,余,7,5,3,"Hito, Ninben, Hitoyane",ヨ、あま-る、あま-す,
1989,誉,13,7,1,"Gon, Gonben",ヨ、ほま-れ,ほ
1990,預,13,5,2,Oogai,ヨ、あず-ける、あず-かる,
1991,幼,5,6,2,Itogashira,ヨウ、おさな-い,
1992,用,5,2,4,Mochiiru,ヨウ、もち-いる,ユウ
1993,羊,6,3,1,Hitsuji,ヨウ、ひつじ,
1994,妖,7,7,0,"Onna, Onnahen",ヨウ、あや-しい,
1995,洋,9,3,4,"Mizu, Sanzui, Shitamizu",ヨウ,
1996,要,9,4,3,Nishi,ヨウ、かなめ、い-る,
1997,容,10,5,3,Ukanmuri,ヨウ,い
1998,庸,11,7,1,Madare,ヨウ,つね
1999,揚,12,7,1,Tehen,ヨウ、あ-げる、あ-がる,
2000,揺,12,7,1,Tehen,ヨウ、ゆ-れる、ゆ-る、ゆ-らぐ、ゆ-るぐ、ゆ-する、ゆ-さぶる、ゆ-すぶる,
2001,葉,12,3,3,Kusakanmuri,ヨウ、は,
2002,陽,12,3,3,Kozatohen,ヨウ,あき、ひ、び
2003,溶,13,7,2,"Mizu, Sanzui, Shitamizu",ヨウ、と-ける、と-かす、と-く,
2004,腰,13,7,2,"Niku, Nikuzuki",ヨウ、こし,
2005,様,14,3,3,"Ki, Kihen",ヨウ、さま,
2006,瘍,14,7,0,Yamaidare,ヨウ,
2007,踊,14,7,2,"Ashi, Ashihen",ヨウ、おど-る、おど-り,
2008,窯,15,7,1,"Ana, Anakanmuri",ヨウ、かま,
2009,養,15,4,1,"Shoku, Shokuhen",ヨウ、やしな-う,
2010,擁,16,7,1,Tehen,ヨウ,
2011,謡,16,7,1,"Gon, Gonben",ヨウ、うたい、うた-う,
2012,曜,18,2,4,"Nichi, Nichihen",ヨウ,
2013,抑,7,7,1,Tehen,ヨク、おさ-える,そもそも
2014,沃,7,7,0,"Mizu, Sanzui, Shitamizu",ヨク,
2015,浴,10,4,2,"Mizu, Sanzui, Shitamizu",ヨク、あ-びる、あ-びせる,
2016,欲,11,6,3,Akubi,ヨク、ほっ-する、ほ-しい,
2017,翌,11,6,2,Hane,ヨク,
2018,翼,17,7,1,Hane,ヨク、つばさ,
2019,拉,8,7,0,Tehen,ラ,ひ
2020,裸,13,7,1,"Koromo, Koromohen",ラ、はだか,
2021,羅,19,7,1,Amigashira,ラ,
2022,来,7,2,5,"Ki, Kihen",ライ、く-る、きた-る、きた-す,き、ぎ
2023,雷,13,7,1,"Ame, Amekanmuri",ライ、かみなり,
2024,頼,16,7,3,Oogai,ライ、たの-む、たの-もしい、たよ-る,
2025,絡,12,7,2,"Ito, Itohen",ラク、から-む、から-まる、から-める,
2026,落,12,3,3,Kusakanmuri,ラク、お-ちる、お-とす,
2027,酪,13,7,1,"Tori, Torihen",ラク,
2028,辣,14,7,0,Karai,ラツ,
2029,乱,7,6,2,"Otsu, Otsunyoo",ラン、みだ-れる、みだ-す,
2030,卵,7,6,2,"Fushizukuri, Warifu",ラン、たまご,
2031,覧,17,6,1,Miru,ラン,
2032,濫,18,7,1,"Mizu, Sanzui, Shitamizu",ラン,
2033,藍,18,7,1,Kusakanmuri,ラン、あい,
2034,欄,20,7,1,"Ki, Kihen",ラン,
2035,吏,6,7,1,"Kuchi, Kuchihen",リ,
2036,利,7,4,3,"Katana, Rittoo",リ、き-く,と
2037,里,7,2,0,"Sato, Satohen",リ、さと,
2038,理,11,2,4,"Tama, Oo",リ,
2039,痢,12,7,1,Yamaidare,リ,
2040,裏,13,6,2,"Koromo, Koromohen",リ、うら,
2041,履,15,7,1,Shikabane,リ、は-く,くつ
2042,璃,15,7,1,"Tama, Oo",リ,
2043,離,19,7,1,Furutori,リ、はな-れる、はな-す,
2044,陸,11,4,2,Kozatohen,リク,ロク、おか、くが
2045,立,5,1,4,Tatsu,リツ、[リュウ]、た-つ、た-てる,
2046,律,9,6,2,Gyooninben,リツ、[リチ],
2047,慄,13,7,0,"Kokoro, Risshinben, Shitagokoro",リツ,
2048,略,11,5,2,"Ta, Tahen",リャク,ほぼ
2049,柳,9,7,1,"Ki, Kihen",リュウ、やなぎ,
2050,流,10,3,3,"Mizu, Sanzui, Shitamizu",リュウ、[ル]、なが-れる、なが-す,
2051,留,10,5,3,"Ta, Tahen",リュウ、[ル]、と-める、と-まる,
2052,竜,10,7,1,Ryuu,リュウ、たつ,リョウ
2053,粒,11,7,2,"Kome, Komehen",リュウ、つぶ,
2054,隆,11,7,1,Kozatohen,リュウ,ル、たか
2055,硫,12,7,1,"Ishi, Ishihen",リュウ,いおう
2056,侶,9,7,0,"Hito, Ninben, Hitoyane",リョ,
2057,旅,10,3,4,"Hoo, Hoohen",リョ、たび,
2058,虜,13,7,1,Toragashira,リョ,とりこ
2059,慮,15,7,1,"Kokoro, Risshinben, Shitagokoro",リョ,
2060,了,2,7,2,Haneboo,リョウ,
2061,両,6,3,3,Ichi,リョウ,
2062,良,7,4,3,Kon,リョウ、よ-い,ロウ
2063,料,10,4,4,Tomasu,リョウ,
2064,涼,11,7,2,"Mizu, Sanzui, Shitamizu",リョウ、すず-しい、すず-む,
2065,猟,11,7,1,"Inu, Kemonohen",リョウ,かり
2066,陵,11,7,1,Kozatohen,リョウ、みささぎ,
2067,量,12,4,2,"Sato, Satohen",リョウ、はか-る,
2068,僚,14,7,1,"Hito, Ninben, Hitoyane",リョウ,
2069,領,14,5,2,Oogai,リョウ,
2070,寮,15,7,1,Ukanmuri,リョウ,
2071,療,17,7,2,Yamaidare,リョウ,
2072,瞭,17,7,1,"Me, Mehen",リョウ,あき
2073,糧,18,7,1,"Kome, Komehen",リョウ、[ロウ]、かて,
2074,力,2,1,4,Chikara,リョク、リキ、ちから,つと
2075,緑,14,3,2,"Ito, Itohen",リョク、[ロク]、みどり,
2076,林,8,1,3,"Ki, Kihen",リン、はやし,
2077,厘,9,7,1,Gandare,リン,
2078,倫,10,7,1,"Hito, Ninben, Hitoyane",リン,
2079,輪,15,4,2,"Kuruma, Kurumahen",リン、わ,
2080,隣,16,7,1,Kozatohen,リン、とな-る、となり,
2081,臨,18,6,1,Shin,リン、のぞ-む,
2082,瑠,14,7,1,"Tama, Oo",ル,
2083,涙,10,7,2,"Mizu, Sanzui, Shitamizu",ルイ、なみだ,
2084,累,11,7,1,"Ito, Itohen",ルイ,
2085,塁,12,7,1,"Tsuchi, Tsuchihen",ルイ,
2086,類,18,4,3,Oogai,ルイ、たぐ-い,
2087,令,5,4,2,"Hito, Ninben, Hitoyane",レイ,リョウ
2088,礼,5,3,3,"Shimesu, Shimesuhen",レイ、ライ,あや
2089,冷,7,4,3,Nisui,レイ、つめ-たい、ひ-える、ひ-や、ひ-やす、ひ-やかす、さ-める、さ-ます,
2090,励,7,7,1,Chikara,レイ、はげ-む、はげ-ます,
2091,戻,7,7,3,"To, Tokanmuri",レイ、もど-す、もど-る,
2092,例,8,4,3,"Hito, Ninben, Hitoyane",レイ、たと-える,
2093,鈴,13,7,1,"Kane, Kanehen",レイ、リン、すず,
2094,零,13,7,2,"Ame, Amekanmuri",レイ,
2095,霊,15,7,1,"Ame, Amekanmuri",レイ、リョウ、たま,
2096,隷,16,7,1,Reizukuri,レイ,
2097,齢,17,7,2,"Ha, Hahen",レイ,よわい
2098,麗,19,7,1,Shika,レイ、うるわ-しい,ライ
2099,暦,14,7,1,"Nichi, Nichihen",レキ、こよみ,リャク
2100,歴,14,4,2,Tomeru,レキ,へ
2101,列,6,3,3,"Katana, Rittoo",レツ,つら
2102,劣,6,7,1,Chikara,レツ、おと-る,
2103,烈,10,7,1,"Hi, Hihen, Renga",レツ,はげ
2104,裂,12,7,1,"Koromo, Koromohen",レツ、さ-く、さ-ける,
2105,恋,10,7,2,"Kokoro, Risshinben, Shitagokoro",レン、こ-う、こい、こい-しい,
2106,連,10,4,3,Shinnyoo,レン、つら-なる、つら-ねる、つ-れる,
2107,廉,13,7,1,Madare,レン,かど
2108,練,14,3,2,"Ito, Itohen",レン、ね-る,
2109,錬,16,7,1,"Kane, Kanehen",レン,ね
2110,呂,7,7,1,"Kuchi, Kuchihen",ロ,リョ
2111,炉,8,7,1,"Hi, Hihen, Renga",ロ,
2112,賂,13,7,0,"Kai, Kaihen",ロ,まいな
2113,路,13,3,3,"Ashi, Ashihen",ロ、じ,ル、みち
2114,露,21,7,1,"Ame, Amekanmuri",ロ、[ロウ]、つゆ,あらわ
2115,老,6,4,3,Oikanmuri,ロウ、お-いる、ふ-ける,
2116,労,7,4,3,Chikara,ロウ,いたわ、ねぎら
2117,弄,7,7,0,"Komanuki, Nijuuashi",ロウ、もてあそ-ぶ,
2118,郎,9,7,1,Oozato,ロウ,
2119,朗,10,6,1,"Tsuki, Tsukihen",ロウ、ほが-らか,
2120,浪,10,7,1,"Mizu, Sanzui, Shitamizu",ロウ,なみ
2121,廊,12,7,1,Madare,ロウ,
2122,楼,13,7,1,"Ki, Kihen",ロウ,
2123,漏,14,7,1,"Mizu, Sanzui, Shitamizu",ロウ、も-る、も-れる、も-らす,
2124,籠,22,7,0,"Take, Takekanmuri",ロウ、かご、こ-もる,
2125,六,4,1,5,Hachi,ロク、む、む-つ、むっ-つ、[むい],リク
2126,録,16,4,2,"Kane, Kanehen",ロク,
2127,麓,19,7,0,Shika,ロク、ふもと,
2128,論,15,6,3,"Gon, Gonben",ロン,
2129,和,8,3,3,"Kuchi, Kuchihen",ワ、[オ]、やわ-らぐ、やわ-らげる、なご-む、なご-やか,カ、あ
2130,話,13,2,5,"Gon, Gonben",ワ、はな-す、はなし,
2131,賄,13,7,1,"Kai, Kaihen",ワイ、まかな-う,
2132,脇,10,7,0,"Niku, Nikuzuki",わき,キョウ
2133,惑,12,7,1,"Kokoro, Risshinben, Shitagokoro",ワク、まど-う,
2134,枠,8,7,1,"Ki, Kihen",わく,
2135,湾,12,7,2,"Mizu, Sanzui, Shitamizu",ワン,ま
2136,腕,12,7,2,"Niku, Nikuzuki",ワン、うで,
