id;Kanji;Old Kanji;Radical;Strokes;Grade;Meanings;Kun yomi;Kun romaji;On yomi;On romaji
1;亜;亞;二;7;S;sub-, Asia;;;ア;a
2;哀;;口;9;S;pathetic;あわ-れ, あわ-れむ; awa-re,  awa-remu;アイ;ai
3;挨;;手;10;S;push open;;;アイ;ai
4;愛;;心;13;4;love;;;アイ;ai
5;曖;;日;17;S;not clear;;;アイ;ai
6;悪;惡;心;11;3;bad;わる-い; waru-i;アク, オ;aku,  o
7;握;;手;12;S;grip;にぎ-る; nigi-ru;アク;aku
8;圧;壓;土;5;5;pressure;;;アツ;atsu
9;扱;;手;6;S;handle;あつか-う;atsuka-u;;
10;宛;;宀;8;S;allocate;あ-てる;a-teru;;
11;嵐;;山;12;S;storm;あらし;arashi;;
12;安;;宀;6;3;cheap;やす-い; yasu-i;アン;an
13;案;;木;10;4;plan;;;アン;an
14;暗;;日;13;3;dark;くら-い; kura-i;アン;an
15;以;;人;5;4;by means of;;;イ;i
16;衣;;衣;6;4;clothes;ころも; koromo;イ;i
17;位;;人;7;4;rank;くらい; kurai;イ;i
18;囲;圍;囗;7;5;surround;かこ-む, かこ-う; kako-mu,  kako-u;イ;i
19;医;醫;酉;7;3;doctor;;;イ;i
20;依;;人;8;S;reliant;;;イ, （エ）;i,  (e)
21;委;;女;8;3;committee;ゆだ-ねる; yuda-neru;イ;i
22;威;;女;9;S;intimidate;;;イ;i
23;為;爲;爪;9;S;do;;;イ;i
24;畏;;田;9;S;fear;おそ-れる; oso-reru;イ;i
25;胃;;肉;9;6;stomach;;;イ;i
26;尉;;寸;11;S;military officer;;;イ;i
27;異;;田;11;6;uncommon;こと; koto;イ;i
28;移;;禾;11;5;shift;うつ-る, うつ-す; utsu-ru,  utsu-su;イ;i
29;萎;;艸;11;S;wither;な-える; na-eru;イ;i
30;偉;;人;12;S;admirable;えら-い; era-i;イ;i
31;椅;;木;12;S;chair;;;イ;i
32;彙;;彐;13;S;same kind;;;イ;i
33;意;;心;13;3;idea;;;イ;i
34;違;;辵;13;S;differ;ちが-う, ちが-える; chiga-u,  chiga-eru;イ;i
35;維;;糸;14;S;fiber;;;イ;i
36;慰;;心;15;S;consolation;なぐさ-める, なぐさ-む; nagusa-meru,  nagusa-mu;イ;i
37;遺;;辵;15;6;bequeath;;;イ, （ユイ）;i,  (yui)
38;緯;;糸;16;S;horizontal;;;イ;i
39;域;;土;11;6;range;;;イキ;iki
40;育;;肉;8;3;nurture;そだ-つ, そだ-てる, はぐく-む; soda-tsu,  soda-teru,  haguku-mu;イク;iku
41;一;;一;1;1;one;ひと, ひと-つ; hito,  hito-tsu;イチ, イツ;ichi,  itsu
42;壱;壹;士;7;S;one (falsification prevention);;;イチ;ichi
43;逸;逸;辵;11;S;deviate;;;イツ;itsu
44;茨;;艸;9;4;thorn;（いばら）;(ibara);;
45;芋;;艸;6;S;potato;いも;imo;;
46;引;;弓;4;2;pull;ひ-く, ひ-ける; hi-ku,  hi-keru;イン;in
47;印;;卩;6;4;mark;しるし; shirushi;イン;in
48;因;;囗;6;5;cause;よ-る; yo-ru;イン;in
49;咽;;口;9;S;throat;;;イン;in
50;姻;;女;9;S;matrimony;;;イン;in
51;員;;口;10;3;member;;;イン;in
52;院;;阜;10;3;institution;;;イン;in
53;淫;;水;11;S;lewdness;みだ-ら; mida-ra;イン;in
54;陰;;阜;11;S;shade;かげ, かげ-る; kage,  kage-ru;イン;in
55;飲;;食;12;3;drink;の-む; no-mu;イン;in
56;隠;隱;阜;14;S;conceal;かく-す, かく-れる; kaku-su,  kaku-reru;イン;in
57;韻;;音;19;S;rhyme;;;イン;in
58;右;;口;5;1;right (direction);みぎ; migi;ウ, ユウ;u,  yuu
59;宇;;宀;6;6;eaves;;;ウ;u
60;羽;;羽;6;2;feather;は, はね; ha,  hane;ウ;u
61;雨;;雨;8;1;rain;あめ, （あま）; ame,  (ama);ウ;u
62;唄;;口;10;S;songs with samisen;（うた）;(uta);;
63;鬱;;鬯;29;S;gloom;;;ウツ;utsu
64;畝;;田;10;S;furrow;うね;une;;
65;浦;;水;10;S;bay;うら;ura;;
66;運;;辵;12;3;carry;はこ-ぶ; hako-bu;ウン;un
67;雲;;雨;12;2;cloud;くも; kumo;ウン;un
68;永;;水;5;5;eternity;なが-い; naga-i;エイ;ei
69;泳;;水;8;3;swim;およ-ぐ; oyo-gu;エイ;ei
70;英;;艸;8;4;England;;;エイ;ei
71;映;;日;9;6;reflect;うつ-る, うつ-す, は-える; utsu-ru,  utsu-su,  ha-eru;エイ;ei
72;栄;榮;木;9;4;prosperity;さか-える, は-え, は-える; saka-eru,  ha-e,  ha-eru;エイ;ei
73;営;營;火;12;5;manage;いとな-む; itona-mu;エイ;ei
74;詠;;言;12;S;recitation;よ-む; yo-mu;エイ;ei
75;影;;彡;15;S;shadow;かげ; kage;エイ;ei
76;鋭;;金;15;S;pointed;するど-い; surudo-i;エイ;ei
77;衛;衞;行;16;5;defense;;;エイ;ei
78;易;;日;8;5;easy;やさ-しい; yasa-shii;エキ, イ;eki,  i
79;疫;;疒;9;S;epidemic;;;エキ, （ヤク）;eki,  (yaku)
80;益;;皿;10;5;benefit;;;エキ, （ヤク）;eki,  (yaku)
81;液;;水;11;5;fluid;;;エキ;eki
82;駅;驛;馬;14;3;station;;;エキ;eki
83;悦;;心;10;S;ecstasy;;;エツ;etsu
84;越;;走;12;S;cross over;こ-す, こ-える; ko-su,  ko-eru;エツ;etsu
85;謁;謁;言;15;S;audience;;;エツ;etsu
86;閲;;門;15;S;review;;;エツ;etsu
87;円;圓;囗;4;1;round, yen;まる-い; maru-i;エン;en
88;延;;廴;8;6;prolong;の-びる, の-べる, の-ばす; no-biru,  no-beru,  no-basu;エン;en
89;沿;;水;8;6;run alongside;そ-う; so-u;エン;en
90;炎;;火;8;S;inflammation;ほのお; honoo;エン;en
91;怨;;心;9;S;grudge;;;エン, オン;en,  on
92;宴;;宀;10;S;banquet;;;エン;en
93;媛;;女;12;4;princess;;;エン;en
94;援;;手;12;S;aid;;;エン;en
95;園;;囗;13;2;garden;その; sono;エン;en
96;煙;;火;13;S;smoke;けむ-る, けむり, けむ-い; kemu-ru,  kemuri,  kemu-i;エン;en
97;猿;;犬;13;S;monkey;さる; saru;エン;en
98;遠;;辵;13;2;far;とお-い; too-i;エン, （オン）;en,  (on)
99;鉛;;金;13;S;lead;なまり; namari;エン;en
100;塩;鹽;鹵;13;4;salt;しお; shio;エン;en
101;演;;水;14;5;perform;;;エン;en
102;縁;緣;糸;15;S;affinity;ふち; fuchi;エン;en
103;艶;艷;色;19;S;glossy;つや; tsuya;エン;en
104;汚;;水;6;S;dirty;けが-す, けが-れる, けが-らわしい, よご-す, よご-れる, きたな-い; kega-su,  kega-reru,  kega-rawashii,  yogo-su,  yogo-reru,  kitana-i;オ;o
105;王;;玉;4;1;king;;;オウ;ou
106;凹;;凵;5;S;concave;;;オウ;ou
107;央;;大;5;3;center;;;オウ;ou
108;応;應;心;7;5;respond;こた-える; kota-eru;オウ;ou
109;往;;彳;8;5;outward journey;;;オウ;ou
110;押;;手;8;S;pushed;お-す, お-さえる; o-su,  o-saeru;オウ;ou
111;旺;;日;8;S;flourishing;;;オウ;ou
112;欧;歐;欠;8;S;Europe;;;オウ;ou
113;殴;毆;殳;8;S;assault;なぐ-る; nagu-ru;オウ;ou
114;桜;櫻;木;10;5;cherry tree;さくら; sakura;オウ;ou
115;翁;;羽;10;S;venerable old man;;;オウ;ou
116;奥;奧;大;12;S;heart;おく; oku;オウ;ou
117;横;橫;木;15;3;side;よこ; yoko;オウ;ou
118;岡;;山;8;4;hill;（おか）;(oka);;
119;屋;;尸;9;3;roof;や; ya;オク;oku
120;億;;人;15;4;hundred million;;;オク;oku
121;憶;;心;16;S;recollection;;;オク;oku
122;臆;;肉;17;S;timidity;;;オク;oku
123;虞;;虍;13;S;uneasiness;おそれ;osore;;
124;乙;;乙;1;S;the latter;;;オツ;otsu
125;俺;;人;10;S;I, we, myself;おれ;ore;;
126;卸;;卩;9;S;wholesale;おろ-す, おろし;oro-su,  oroshi;;
127;音;;音;9;1;sound;おと, ね; oto,  ne;オン, イン;on,  in
128;恩;;心;10;6;grace;;;オン;on
129;温;溫;水;12;3;warm;あたた-か, あたた-かい, あたた-まる, あたた-める; atata-ka,  atata-kai,  atata-maru,  atata-meru;オン;on
130;穏;穩;禾;16;S;calm;おだ-やか; oda-yaka;オン;on
131;下;;一;3;1;below;した, しも, もと, さ-げる, さ-がる, くだ-る, くだ-す, くだ-さる, お-ろす, お-りる; shita,  shimo,  moto,  sa-geru,  sa-garu,  kuda-ru,  kuda-su,  kuda-saru,  o-rosu,  o-riru;カ, ゲ;ka,  ge
132;化;;匕;4;3;change;ば-ける, ば-かす; ba-keru,  ba-kasu;カ, ケ;ka,  ke
133;火;;火;4;1;fire;ひ, （ほ）; hi,  (ho);カ;ka
134;加;;力;5;4;add;くわ-える, くわ-わる; kuwa-eru,  kuwa-waru;カ;ka
135;可;;口;5;5;possible;;;カ;ka
136;仮;假;人;6;5;temporary;かり; kari;カ, （ケ）;ka,  (ke)
137;何;;人;7;2;what;なに, （なん）; nani,  (nan);カ;ka
138;花;;艸;7;1;flower;はな; hana;カ;ka
139;佳;;人;8;S;excellent;;;カ;ka
140;価;價;人;8;5;value;あたい; atai;カ;ka
141;果;;木;8;4;fruit;は-たす, は-てる, は-て; ha-tasu,  ha-teru,  ha-te;カ;ka
142;河;;水;8;5;river;かわ; kawa;カ;ka
143;苛;;艸;8;S;torment;;;カ;ka
144;科;;禾;9;2;section;;;カ;ka
145;架;;木;9;S;rack;か-ける, か-かる; ka-keru,  ka-karu;カ;ka
146;夏;;夊;10;2;summer;なつ; natsu;カ, （ゲ）;ka,  (ge)
147;家;;宀;10;2;house;いえ, や; ie,  ya;カ, ケ;ka,  ke
148;荷;;艸;10;3;luggage;に; ni;カ;ka
149;華;;艸;10;S;splendor;はな; hana;カ, （ケ）;ka,  (ke)
150;菓;;艸;11;S;confectionery;;;カ;ka
151;貨;;貝;11;4;freight;;;カ;ka
152;渦;;水;12;S;whirlpool;うず; uzu;カ;ka
153;過;;辵;12;5;go beyond;す-ぎる, す-ごす, あやま-つ, あやま-ち; su-giru,  su-gosu,  ayama-tsu,  ayama-chi;カ;ka
154;嫁;;女;13;S;marry into;よめ, とつ-ぐ; yome,  totsu-gu;カ;ka
155;暇;;日;13;S;spare time;ひま; hima;カ;ka
156;禍;禍;示;13;S;calamity;;;カ;ka
157;靴;;革;13;S;shoes;くつ; kutsu;カ;ka
158;寡;;宀;14;S;widow;;;カ;ka
159;歌;;欠;14;2;song;うた, うた-う; uta,  uta-u;カ;ka
160;箇;;竹;14;S;counters for things;;;カ;ka
161;稼;;禾;15;S;earnings;かせ-ぐ; kase-gu;カ;ka
162;課;;言;15;4;section;;;カ;ka
163;蚊;;虫;10;S;mosquito;か;ka;;
164;牙;;牙;4;S;tusk;きば; kiba;ガ, （ゲ）;ga,  (ge)
165;瓦;;瓦;5;S;tile;かわら; kawara;ガ;ga
166;我;;戈;7;6;ego, I, we;われ, わ; ware,  wa;ガ;ga
167;画;畫;田;8;2;tableau;;;ガ, カク;ga,  kaku
168;芽;;艸;8;4;bud;め; me;ガ;ga
169;賀;;貝;12;4;congratulations;;;ガ;ga
170;雅;;隹;13;S;gracious;;;ガ;ga
171;餓;;食;15;S;starve;;;ガ;ga
172;介;;人;4;S;jammed in;;;カイ;kai
173;回;;囗;6;2;times;まわ-る, まわ-す; mawa-ru,  mawa-su;カイ, （エ）;kai,  (e)
174;灰;;火;6;6;ashes;はい; hai;カイ;kai
175;会;會;曰;6;2;association;あ-う; a-u;カイ, エ;kai,  e
176;快;;心;7;5;cheerful;こころよ-い; kokoroyo-i;カイ;kai
177;戒;;戈;7;S;commandment;いまし-める; imashi-meru;カイ;kai
178;改;;攴;7;4;reformation;あらた-める, あらた-まる; arata-meru,  arata-maru;カイ;kai
179;怪;;心;8;S;suspicious;あや-しい, あや-しむ; aya-shii,  aya-shimu;カイ;kai
180;拐;;手;8;S;kidnap;;;カイ;kai
181;悔;悔;心;9;S;repent;く-いる, く-やむ, くや-しい; ku-iru,  ku-yamu,  kuya-shii;カイ;kai
182;海;海;水;9;2;sea;うみ; umi;カイ;kai
183;界;;田;9;3;world;;;カイ;kai
184;皆;;白;9;S;all;みな; mina;カイ;kai
185;械;;木;11;4;contraption;;;カイ;kai
186;絵;繪;糸;12;2;picture;;;カイ, エ;kai,  e
187;開;;門;12;3;open;ひら-く, ひら-ける, あ-く, あ-ける; hira-ku,  hira-keru,  a-ku,  a-keru;カイ;kai
188;階;;阜;12;3;floor of a building;;;カイ;kai
189;塊;;土;13;S;clod;かたまり; katamari;カイ;kai
190;楷;;木;13;S;square character style;;;カイ;kai
191;解;;角;13;5;untie;と-く, と-かす, と-ける; to-ku,  to-kasu,  to-keru;カイ, ゲ;kai,  ge
192;潰;;水;15;S;crush;つぶ-す, つぶ-れる; tsubu-su,  tsubu-reru;カイ;kai
193;壊;壞;土;16;S;demolition;こわ-す, こわ-れる; kowa-su,  kowa-reru;カイ;kai
194;懐;懷;心;16;S;pocket;ふところ, なつ-かしい, なつ-かしむ, なつ-く, なつ-ける; futokoro,  natsu-kashii,  natsu-kashimu,  natsu-ku,  natsu-keru;カイ;kai
195;諧;;言;16;S;harmony;;;カイ;kai
196;貝;;貝;7;1;shellfish;かい;kai;;
197;外;;夕;5;2;outside;そと, ほか, はず-す, はず-れる; soto,  hoka,  hazu-su,  hazu-reru;ガイ, ゲ;gai,  ge
198;劾;;力;8;S;censure;;;ガイ;gai
199;害;;宀;10;4;harm;;;ガイ;gai
200;崖;;山;11;S;cliff;がけ; gake;ガイ;gai
201;涯;;水;11;S;horizon;;;ガイ;gai
202;街;;行;12;4;street;まち; machi;ガイ, （カイ）;gai,  (kai)
203;慨;慨;心;13;S;rue;;;ガイ;gai
204;蓋;;艸;13;S;cover;ふた; futa;ガイ;gai
205;該;;言;13;S;above-stated;;;ガイ;gai
206;概;槪;木;14;S;outline;;;ガイ;gai
207;骸;;骨;16;S;dead remains;;;ガイ;gai
208;垣;;土;9;S;hedge;かき;kaki;;
209;柿;;木;9;S;persimmon;かき;kaki;;
210;各;;口;6;4;each;おのおの; onoono;カク;kaku
211;角;;角;7;2;angle;かど, つの; kado,  tsuno;カク;kaku
212;拡;擴;手;8;6;broaden;;;カク;kaku
213;革;;革;9;6;leather;かわ; kawa;カク;kaku
214;格;;木;10;5;status;;;カク, （コウ）;kaku,  (kou)
215;核;;木;10;S;nucleus;;;カク;kaku
216;殻;殼;殳;11;S;husk;から; kara;カク;kaku
217;郭;;邑;11;S;enclosure;;;カク;kaku
218;覚;覺;見;12;4;memorize;おぼ-える, さ-ます, さ-める; obo-eru,  sa-masu,  sa-meru;カク;kaku
219;較;;車;13;S;contrast;;;カク;kaku
220;隔;;阜;13;S;isolate;へだ-てる, へだ-たる; heda-teru,  heda-taru;カク;kaku
221;閣;;門;14;6;tall;;;カク;kaku
222;確;;石;15;5;certain;たし-か, たし-かめる; tashi-ka,  tashi-kameru;カク;kaku
223;獲;;犬;16;S;seize;え-る; e-ru;カク;kaku
224;嚇;;口;17;S;menacing;;;カク;kaku
225;穫;;禾;18;S;harvest;;;カク;kaku
226;学;學;子;8;1;study;まな-ぶ; mana-bu;ガク;gaku
227;岳;嶽;山;8;S;point;たけ; take;ガク;gaku
228;楽;樂;木;13;2;pleasure;たの-しい, たの-しむ; tano-shii,  tano-shimu;ガク, ラク;gaku,  raku
229;額;;頁;18;5;amount;ひたい; hitai;ガク;gaku
230;顎;;頁;18;S;jaw;あご; ago;ガク;gaku
231;掛;;手;11;S;hang;か-ける, か-かる, かかり;ka-keru,  ka-karu,  kakari;;
232;潟;;水;15;4;lagoon;かた;kata;;
233;括;;手;9;S;fasten;;;カツ;katsu
234;活;;水;9;2;active;;;カツ;katsu
235;喝;喝;口;11;S;hoarse;;;カツ;katsu
236;渇;渴;水;11;S;thirst;かわ-く; kawa-ku;カツ;katsu
237;割;;刀;12;6;divide;わ-る, わり, わ-れる, さ-く; wa-ru,  wari,  wa-reru,  sa-ku;カツ;katsu
238;葛;;艸;12;S;arrowroot;くず; kuzu;カツ;katsu
239;滑;;水;13;S;slippery;すべ-る, なめ-らか; sube-ru,  name-raka;カツ, コツ;katsu,  kotsu
240;褐;褐;衣;13;S;brown;;;カツ;katsu
241;轄;;車;17;S;control;;;カツ;katsu
242;且;;一;5;S;moreover;か-つ;ka-tsu;;
243;株;;木;10;6;stocks;かぶ;kabu;;
244;釜;;金;10;S;kettle;かま;kama;;
245;鎌;;金;18;S;sickle;かま;kama;;
246;刈;;刀;4;S;reap;か-る;ka-ru;;
247;干;;干;3;6;dry;ほ-す, ひ-る; ho-su,  hi-ru;カン;kan
248;刊;;刀;5;5;publish;;;カン;kan
249;甘;;甘;5;S;sweet;あま-い, あま-える, あま-やかす; ama-i,  ama-eru,  ama-yakasu;カン;kan
250;汗;;水;6;S;sweat;あせ; ase;カン;kan
251;缶;罐;缶;6;S;tin can;;;カン;kan
252;完;;宀;7;4;perfect;;;カン;kan
253;肝;;肉;7;S;liver;きも; kimo;カン;kan
254;官;;宀;8;4;government official;;;カン;kan
255;冠;;冖;9;S;crown;かんむり; kanmuri;カン;kan
256;巻;卷;卩;9;6;scroll;ま-く, まき; ma-ku,  maki;カン;kan
257;看;;目;9;6;watch over;;;カン;kan
258;陥;陷;阜;10;S;collapse;おちい-る, おとしい-れる; ochii-ru,  otoshii-reru;カン;kan
259;乾;;乙;11;S;dry;かわ-く, かわ-かす; kawa-ku,  kawa-kasu;カン;kan
260;勘;;力;11;S;intuition;;;カン;kan
261;患;;心;11;S;afflicted;わずら-う; wazura-u;カン;kan
262;貫;;貝;11;S;pierce;つらぬ-く; tsuranu-ku;カン;kan
263;寒;;宀;12;3;cold;さむ-い; samu-i;カン;kan
264;喚;;口;12;S;yell;;;カン;kan
265;堪;;土;12;S;withstand;た-える; ta-eru;カン;kan
266;換;;手;12;S;interchange;か-える, か-わる; ka-eru,  ka-waru;カン;kan
267;敢;;攴;12;S;daring;;;カン;kan
268;棺;;木;12;S;coffin;;;カン;kan
269;款;;欠;12;S;goodwill;;;カン;kan
270;間;;門;12;2;interval;あいだ, ま; aida,  ma;カン, ケン;kan,  ken
271;閑;;門;12;S;leisure;;;カン;kan
272;勧;勸;力;13;S;persuade;すす-める; susu-meru;カン;kan
273;寛;寬;宀;13;S;tolerant;;;カン;kan
274;幹;;干;13;5;tree-trunk;みき; miki;カン;kan
275;感;;心;13;3;feeling;;;カン;kan
276;漢;漢;水;13;3;China;;;カン;kan
277;慣;;心;14;5;accustomed;な-れる, な-らす; na-reru,  na-rasu;カン;kan
278;管;;竹;14;4;pipe;くだ; kuda;カン;kan
279;関;關;門;14;4;related;せき, かか-わる; seki,  kaka-waru;カン;kan
280;歓;歡;欠;15;S;delight;;;カン;kan
281;監;;皿;15;S;oversee;;;カン;kan
282;緩;;糸;15;S;slacken;ゆる-い, ゆる-やか, ゆる-む, ゆる-める; yuru-i,  yuru-yaka,  yuru-mu,  yuru-meru;カン;kan
283;憾;;心;16;S;remorse;;;カン;kan
284;還;;辵;16;S;send back;;;カン;kan
285;館;;食;16;3;public building;やかた; yakata;カン;kan
286;環;;玉;17;S;ring;;;カン;kan
287;簡;;竹;18;6;simplicity;;;カン;kan
288;観;觀;見;18;4;observe;;;カン;kan
289;韓;;韋;18;S;Korea;;;カン;kan
290;艦;;舟;21;S;warship;;;カン;kan
291;鑑;;金;23;S;specimen;かんが-みる; kanga-miru;カン;kan
292;丸;;丶;3;2;circle;まる, まる-い, まる-める; maru,  maru-i,  maru-meru;ガン;gan
293;含;;口;7;S;include;ふく-む, ふく-める; fuku-mu,  fuku-meru;ガン;gan
294;岸;;山;8;3;beach;きし; kishi;ガン;gan
295;岩;;山;8;2;boulder;いわ; iwa;ガン;gan
296;玩;;玉;8;S;trifle with;;;ガン;gan
297;眼;;目;11;5;eyeball;まなこ; manako;ガン, （ゲン）;gan,  (gen)
298;頑;;頁;13;S;stubborn;;;ガン;gan
299;顔;;頁;18;2;face;かお; kao;ガン;gan
300;願;;頁;19;4;request;ねが-う; nega-u;ガン;gan
301;企;;人;6;S;plan;くわだ-てる; kuwada-teru;キ;ki
302;伎;;人;6;S;deed;;;キ;ki
303;危;;卩;6;6;dangerous;あぶ-ない, あや-うい, あや-ぶむ; abu-nai,  aya-ui,  aya-bumu;キ;ki
304;机;;木;6;6;desk;つくえ; tsukue;キ;ki
305;気;氣;气;6;1;feeling;;;キ, ケ;ki,  ke
306;岐;;山;7;4;branch off;;;キ;ki
307;希;;巾;7;4;hope;;;キ;ki
308;忌;;心;7;S;mourning;い-む, い-まわしい; i-mu,  i-mawashii;キ;ki
309;汽;;水;7;2;steam;;;キ;ki
310;奇;;大;8;S;strange;;;キ;ki
311;祈;祈;示;8;S;pray;いの-る; ino-ru;キ;ki
312;季;;子;8;4;seasons;;;キ;ki
313;紀;;糸;9;5;chronicle;;;キ;ki
314;軌;;車;9;S;rut;;;キ;ki
315;既;既;无;10;S;previously;すで-に; sude-ni;キ;ki
316;記;;言;10;2;write down;しる-す; shiru-su;キ;ki
317;起;;走;10;3;wake up;お-きる, お-こる, お-こす; o-kiru,  o-koru,  o-kosu;キ;ki
318;飢;;食;10;S;hungry;う-える; u-eru;キ;ki
319;鬼;;鬼;10;S;ghost;おに; oni;キ;ki
320;帰;歸;止;10;2;return;かえ-る, かえ-す; kae-ru,  kae-su;キ;ki
321;基;;土;11;5;foundation;もと, もとい; moto,  motoi;キ;ki
322;寄;;宀;11;5;approach;よ-る, よ-せる; yo-ru,  yo-seru;キ;ki
323;規;;見;11;5;rule;;;キ;ki
324;亀;龜;龜;11;S;turtle;かめ; kame;キ;ki
325;喜;;口;12;5;rejoice;よろこ-ぶ; yoroko-bu;キ;ki
326;幾;;幺;12;S;how many;いく; iku;キ;ki
327;揮;;手;12;6;brandish;;;キ;ki
328;期;;月;12;3;period of time;;;キ, （ゴ）;ki,  (go)
329;棋;;木;12;S;chess piece;;;キ;ki
330;貴;;貝;12;6;precious;たっと-い, とうと-い, たっと-ぶ, とうと-ぶ; tatto-i,  touto-i,  tatto-bu,  touto-bu;キ;ki
331;棄;;木;13;S;abandon;;;キ;ki
332;毀;;殳;13;S;destroy;;;キ;ki
333;旗;;方;14;4;national flag;はた; hata;キ;ki
334;器;器;口;15;4;container;うつわ; utsuwa;キ;ki
335;畿;;田;15;S;capital;;;キ;ki
336;輝;;車;15;S;radiance;かがや-く; kagaya-ku;キ;ki
337;機;;木;16;4;machine;はた; hata;キ;ki
338;騎;;馬;18;S;equestrian;;;キ;ki
339;技;;手;7;5;skill;わざ; waza;ギ;gi
340;宜;;宀;8;S;best regards;;;ギ;gi
341;偽;僞;人;11;S;falsehood;いつわ-る, にせ; itsuwa-ru,  nise;ギ;gi
342;欺;;欠;12;S;deceit;あざむ-く; azamu-ku;ギ;gi
343;義;;羊;13;5;righteousness;;;ギ;gi
344;疑;;疋;14;6;doubt;うたが-う; utaga-u;ギ;gi
345;儀;;人;15;S;ceremony;;;ギ;gi
346;戯;戲;戈;15;S;frolic;たわむ-れる; tawamu-reru;ギ;gi
347;擬;;手;17;S;mimic;;;ギ;gi
348;犠;犧;牛;17;S;sacrifice;;;ギ;gi
349;議;;言;20;4;deliberation;;;ギ;gi
350;菊;;艸;11;S;chrysanthemum;;;キク;kiku
351;吉;;口;6;S;good luck;;;キチ, キツ;kichi,  kitsu
352;喫;;口;12;S;consume;;;キツ;kitsu
353;詰;;言;13;S;packed;つ-める, つ-まる, つ-む; tsu-meru,  tsu-maru,  tsu-mu;キツ;kitsu
354;却;;卩;7;S;instead;;;キャク;kyaku
355;客;;宀;9;3;guest;;;キャク, カク;kyaku,  kaku
356;脚;;肉;11;S;leg;あし; ashi;キャク, （キャ）;kyaku,  (kya)
357;逆;;辵;9;5;inverted;さか, さか-らう; saka,  saka-rau;ギャク;gyaku
358;虐;;虍;9;S;tyrannize;しいた-げる; shiita-geru;ギャク;gyaku
359;九;;乙;2;1;nine;ここの, ここの-つ; kokono,  kokono-tsu;キュウ, ク;kyuu,  ku
360;久;;丿;3;5;long time;ひさ-しい; hisa-shii;キュウ, （ク）;kyuu,  (ku)
361;及;;又;3;S;reach out;およ-ぶ, およ-び, およ-ぼす; oyo-bu,  oyo-bi,  oyo-bosu;キュウ;kyuu
362;弓;;弓;3;2;bow (archery, violin);ゆみ; yumi;キュウ;kyuu
363;丘;;一;5;S;hill;おか; oka;キュウ;kyuu
364;旧;舊;臼;5;5;old times;;;キュウ;kyuu
365;休;;人;6;1;rest;やす-む, やす-まる, やす-める; yasu-mu,  yasu-maru,  yasu-meru;キュウ;kyuu
366;吸;;口;6;6;suck;す-う; su-u;キュウ;kyuu
367;朽;;木;6;S;decay;く-ちる; ku-chiru;キュウ;kyuu
368;臼;;臼;6;S;mortar;うす; usu;キュウ;kyuu
369;求;;水;7;4;request;もと-める; moto-meru;キュウ;kyuu
370;究;;穴;7;3;research;きわ-める; kiwa-meru;キュウ;kyuu
371;泣;;水;8;4;cry;な-く; na-ku;キュウ;kyuu
372;急;;心;9;3;hurry;いそ-ぐ; iso-gu;キュウ;kyuu
373;級;;糸;9;3;rank;;;キュウ;kyuu
374;糾;;糸;9;S;twist;;;キュウ;kyuu
375;宮;;宀;10;3;Shinto shrine;みや; miya;キュウ, グウ, （ク）;kyuu,  guu,  (ku)
376;救;;攴;11;5;salvation;すく-う; suku-u;キュウ;kyuu
377;球;;玉;11;3;sphere;たま; tama;キュウ;kyuu
378;給;;糸;12;4;salary;;;キュウ;kyuu
379;嗅;;口;13;S;smell;か-ぐ; ka-gu;キュウ;kyuu
380;窮;;穴;15;S;hard up;きわ-める, きわ-まる; kiwa-meru,  kiwa-maru;キュウ;kyuu
381;牛;;牛;4;2;cow;うし; ushi;ギュウ;gyuu
382;去;;厶;5;3;leave;さ-る; sa-ru;キョ, コ;kyo,  ko
383;巨;;工;4;S;gigantic;;;キョ;kyo
384;居;;尸;8;5;reside;い-る; i-ru;キョ;kyo
385;拒;;手;8;S;repel;こば-む; koba-mu;キョ;kyo
386;拠;據;手;8;S;foothold;;;キョ, コ;kyo,  ko
387;挙;擧;手;10;4;raise;あ-げる, あ-がる; a-geru,  a-garu;キョ;kyo
388;虚;虛;虍;11;S;void;;;キョ, （コ）;kyo,  (ko)
389;許;;言;11;5;permit;ゆる-す; yuru-su;キョ;kyo
390;距;;足;12;S;long-distance;;;キョ;kyo
391;魚;;魚;11;2;fish;うお, さかな; uo,  sakana;ギョ;gyo
392;御;;彳;12;S;honorable;おん; on;ギョ, ゴ;gyo,  go
393;漁;;水;14;4;fishing;;;ギョ, リョウ;gyo,  ryou
394;凶;;凵;4;S;villain;;;キョウ;kyou
395;共;;八;6;4;together;とも; tomo;キョウ;kyou
396;叫;;口;6;S;shout;さけ-ぶ; sake-bu;キョウ;kyou
397;狂;;犬;7;S;lunatic;くる-う, くる-おしい; kuru-u,  kuru-oshii;キョウ;kyou
398;京;;亠;8;2;capital;;;キョウ, ケイ;kyou,  kei
399;享;;亠;8;S;receive;;;キョウ;kyou
400;供;;人;8;6;offer;そな-える, とも; sona-eru,  tomo;キョウ, （ク）;kyou,  (ku)
401;協;;十;8;4;cooperation;;;キョウ;kyou
402;況;;水;8;S;condition;;;キョウ;kyou
403;峡;峽;山;9;S;gorge;;;キョウ;kyou
404;挟;挾;手;9;S;pinch;はさ-む, はさ-まる; hasa-mu,  hasa-maru;キョウ;kyou
405;狭;狹;犬;9;S;cramped;せま-い, せば-める, せば-まる; sema-i,  seba-meru,  seba-maru;キョウ;kyou
406;恐;;心;10;S;fear;おそ-れる, おそ-ろしい; oso-reru,  oso-roshii;キョウ;kyou
407;恭;;心;10;S;respect;うやうや-しい; uyauya-shii;キョウ;kyou
408;胸;;肉;10;6;bosom;むね, （むな）; mune,  (muna);キョウ;kyou
409;脅;;肉;10;S;threaten;おびや-かす, おど-す, おど-かす; obiya-kasu,  odo-su,  odo-kasu;キョウ;kyou
410;強;;弓;11;2;strong;つよ-い, つよ-まる, つよ-める, し-いる; tsuyo-i,  tsuyo-maru,  tsuyo-meru,  shi-iru;キョウ, ゴウ;kyou,  gou
411;教;;攴;11;2;teach;おし-える, おそ-わる; oshi-eru,  oso-waru;キョウ;kyou
412;郷;鄕;邑;11;6;home town;;;キョウ, ゴウ;kyou,  gou
413;境;;土;14;5;boundary;さかい; sakai;キョウ, （ケイ）;kyou,  (kei)
414;橋;;木;16;3;bridge;はし; hashi;キョウ;kyou
415;矯;;矢;17;S;rectify;た-める; ta-meru;キョウ;kyou
416;鏡;;金;19;4;mirror;かがみ; kagami;キョウ;kyou
417;競;;立;20;4;compete;きそ-う, せ-る; kiso-u,  se-ru;キョウ, ケイ;kyou,  kei
418;響;響;音;20;S;echo;ひび-く; hibi-ku;キョウ;kyou
419;驚;;馬;22;S;wonder;おどろ-く, おどろ-かす; odoro-ku,  odoro-kasu;キョウ;kyou
420;仰;;人;6;S;face-up;あお-ぐ, おお-せ; ao-gu,  oo-se;ギョウ, （コウ）;gyou,  (kou)
421;暁;曉;日;12;S;daybreak;あかつき; akatsuki;ギョウ;gyou
422;業;;木;13;3;business;わざ; waza;ギョウ, ゴウ;gyou,  gou
423;凝;;冫;16;S;congeal;こ-る, こ-らす; ko-ru,  ko-rasu;ギョウ;gyou
424;曲;;曰;6;3;musical composition;ま-がる, ま-げる; ma-garu,  ma-geru;キョク;kyoku
425;局;;尸;7;3;office;;;キョク;kyoku
426;極;;木;12;4;poles;きわ-める, きわ-まる, きわ-み; kiwa-meru,  kiwa-maru,  kiwa-mi;キョク, ゴク;kyoku,  goku
427;玉;;玉;5;1;ball;たま; tama;ギョク;gyoku
428;巾;;巾;3;S;towel;;;キン;kin
429;斤;;斤;4;S;axe;;;キン;kin
430;均;;土;7;5;level;;;キン;kin
431;近;;辵;7;2;near;ちか-い; chika-i;キン;kin
432;金;;金;8;1;gold;かね, （かな）; kane,  (kana);キン, コン;kin,  kon
433;菌;;艸;11;S;germ;;;キン;kin
434;勤;勤;力;12;6;diligence;つと-める, つと-まる; tsuto-meru,  tsuto-maru;キン, （ゴン）;kin,  (gon)
435;琴;;玉;12;S;harp;こと; koto;キン;kin
436;筋;;竹;12;6;muscle;すじ; suji;キン;kin
437;僅;;人;13;S;a wee bit;わず-か; wazu-ka;キン;kin
438;禁;;示;13;5;prohibition;;;キン;kin
439;緊;;糸;15;S;tense;;;キン;kin
440;錦;;金;16;S;brocade;にしき; nishiki;キン;kin
441;謹;謹;言;17;S;discreet;つつし-む; tsutsushi-mu;キン;kin
442;襟;;衣;18;S;collar;えり; eri;キン;kin
443;吟;;口;7;S;versify;;;ギン;gin
444;銀;;金;14;3;silver;;;ギン;gin
445;区;區;匸;4;3;ward;;;ク;ku
446;句;;口;5;5;phrase;;;ク;ku
447;苦;;艸;8;3;suffer;くる-しい, くる-しむ, くる-しめる, にが-い, にが-る; kuru-shii,  kuru-shimu,  kuru-shimeru,  niga-i,  niga-ru;ク;ku
448;駆;驅;馬;14;S;drive;か-ける, か-る; ka-keru,  ka-ru;ク;ku
449;具;;八;8;3;tool;;;グ;gu
450;惧;;心;11;S;dread;;;グ;gu
451;愚;;心;13;S;foolish;おろ-か; oro-ka;グ;gu
452;空;;穴;8;1;sky;そら, あ-く, あ-ける, から; sora,  a-ku,  a-keru,  kara;クウ;kuu
453;偶;;人;11;S;accidentally;;;グウ;guu
454;遇;;辵;12;S;interview;;;グウ;guu
455;隅;;阜;12;S;corner;すみ; sumi;グウ;guu
456;串;;丨;7;S;skewer;くし;kushi;;
457;屈;;尸;8;S;yield;;;クツ;kutsu
458;掘;;手;11;S;dig;ほ-る; ho-ru;クツ;kutsu
459;窟;;穴;13;S;cavern;;;クツ;kutsu
460;熊;;火;14;4;bear;くま;kuma;;
461;繰;;糸;19;S;winding;く-る;ku-ru;;
462;君;;口;7;3;you;きみ; kimi;クン;kun
463;訓;;言;10;4;instruction;;;クン;kun
464;勲;勳;力;15;S;meritorious deed;;;クン;kun
465;薫;薰;艸;16;S;fragrant;かお-る; kao-ru;クン;kun
466;軍;;車;9;4;army;;;グン;gun
467;郡;;邑;10;4;county;;;グン;gun
468;群;;羊;13;4;flock;む-れる, む-れ, （むら）; mu-reru,  mu-re,  (mura);グン;gun
469;兄;;儿;5;2;older brother;あに; ani;ケイ, （キョウ）;kei,  (kyou)
470;刑;;刀;6;S;punish;;;ケイ;kei
471;形;;彡;7;2;shape;かた, かたち; kata,  katachi;ケイ, ギョウ;kei,  gyou
472;系;;糸;7;6;lineage;;;ケイ;kei
473;径;徑;彳;8;4;diameter;;;ケイ;kei
474;茎;莖;艸;8;S;stalk;くき; kuki;ケイ;kei
475;係;;人;9;3;person in charge;かか-る, かかり; kaka-ru,  kakari;ケイ;kei
476;型;;土;9;5;model;かた; kata;ケイ;kei
477;契;;大;9;S;pledge;ちぎ-る; chigi-ru;ケイ;kei
478;計;;言;9;2;measure;はか-る, はか-らう; haka-ru,  haka-rau;ケイ;kei
479;恵;惠;心;10;S;favor;めぐ-む; megu-mu;ケイ, エ;kei,  e
480;啓;;口;11;S;disclose;;;ケイ;kei
481;掲;揭;手;11;S;put up (a notice);かか-げる; kaka-geru;ケイ;kei
482;渓;溪;水;11;S;mountain stream;;;ケイ;kei
483;経;經;糸;11;5;manage;へ-る; he-ru;ケイ, キョウ;kei,  kyou
484;蛍;螢;虫;11;S;lightning-bug;ほたる; hotaru;ケイ;kei
485;敬;;攴;12;6;respect;うやま-う; uyama-u;ケイ;kei
486;景;;日;12;4;scenery;;;ケイ;kei
487;軽;輕;車;12;3;light;かる-い, かろ-やか; karu-i,  karo-yaka;ケイ;kei
488;傾;;人;13;S;lean;かたむ-く, かたむ-ける; katamu-ku,  katamu-keru;ケイ;kei
489;携;;手;13;S;portable;たずさ-える, たずさ-わる; tazusa-eru,  tazusa-waru;ケイ;kei
490;継;繼;糸;13;S;inherit;つ-ぐ; tsu-gu;ケイ;kei
491;詣;;言;13;S;visit a temple;もう-でる; mou-deru;ケイ;kei
492;慶;;心;15;S;jubilation;;;ケイ;kei
493;憬;;心;15;S;long for;;;ケイ;kei
494;稽;;禾;15;S;consider;;;ケイ;kei
495;憩;;心;16;S;recess;いこ-い, いこ-う; iko-i,  iko-u;ケイ;kei
496;警;;言;19;6;guard against;;;ケイ;kei
497;鶏;鷄;鳥;19;S;chicken;にわとり; niwatori;ケイ;kei
498;芸;藝;艸;7;4;art;;;ゲイ;gei
499;迎;;辵;7;S;welcome;むか-える; muka-eru;ゲイ;gei
500;鯨;;魚;19;S;whale;くじら; kujira;ゲイ;gei
501;隙;;阜;13;S;fissure;すき; suki;ゲキ;geki
502;劇;;刀;15;6;drama;;;ゲキ;geki
503;撃;擊;手;15;S;beat;う-つ; u-tsu;ゲキ;geki
504;激;;水;16;6;violent;はげ-しい; hage-shii;ゲキ;geki
505;桁;;木;10;S;beam;けた;keta;;
506;欠;缺;缶;4;4;lack;か-ける, か-く; ka-keru,  ka-ku;ケツ;ketsu
507;穴;;穴;5;6;hole;あな; ana;ケツ;ketsu
508;血;;血;6;3;blood;ち; chi;ケツ;ketsu
509;決;;水;7;3;decide;き-める, き-まる; ki-meru,  ki-maru;ケツ;ketsu
510;結;;糸;12;4;tie;むす-ぶ, ゆ-う, ゆ-わえる; musu-bu,  yu-u,  yu-waeru;ケツ;ketsu
511;傑;;人;13;S;greatness;;;ケツ;ketsu
512;潔;;水;15;5;undefiled;いさぎよ-い; isagiyo-i;ケツ;ketsu
513;月;;月;4;1;month, moon;つき; tsuki;ゲツ, ガツ;getsu,  gatsu
514;犬;;犬;4;1;dog;いぬ; inu;ケン;ken
515;件;;人;6;5;affair;;;ケン;ken
516;見;;見;7;1;see;み-る, み-える, み-せる; mi-ru,  mi-eru,  mi-seru;ケン;ken
517;券;;刀;8;6;ticket;;;ケン;ken
518;肩;;肉;8;S;shoulder;かた; kata;ケン;ken
519;建;;廴;9;4;build;た-てる, た-つ; ta-teru,  ta-tsu;ケン, （コン）;ken,  (kon)
520;研;硏;石;9;3;sharpen;と-ぐ; to-gu;ケン;ken
521;県;縣;糸;9;3;prefecture;;;ケン;ken
522;倹;儉;人;10;S;frugal;;;ケン;ken
523;兼;;八;10;S;concurrently;か-ねる; ka-neru;ケン;ken
524;剣;劍;刀;10;S;sabre;つるぎ; tsurugi;ケン;ken
525;拳;;手;10;S;fist;こぶし; kobushi;ケン;ken
526;軒;;車;10;S;flats;のき; noki;ケン;ken
527;健;;人;11;4;healthy;すこ-やか; suko-yaka;ケン;ken
528;険;險;阜;11;5;precipitous;けわ-しい; kewa-shii;ケン;ken
529;圏;圈;囗;12;S;sphere;;;ケン;ken
530;堅;;土;12;S;strict;かた-い; kata-i;ケン;ken
531;検;檢;木;12;5;examine;;;ケン;ken
532;嫌;;女;13;S;dislike;きら-う, いや; kira-u,  iya;ケン, （ゲン）;ken,  (gen)
533;献;獻;犬;13;S;offering;;;ケン, （コン）;ken,  (kon)
534;絹;;糸;13;6;silk;きぬ; kinu;ケン;ken
535;遣;;辵;13;S;dispatch;つか-う, つか-わす; tsuka-u,  tsuka-wasu;ケン;ken
536;権;權;木;15;6;rights;;;ケン, （ゴン）;ken,  (gon)
537;憲;;心;16;6;constitution;;;ケン;ken
538;賢;;貝;16;S;intelligent;かしこ-い; kashiko-i;ケン;ken
539;謙;;言;17;S;self-effacing;;;ケン;ken
540;鍵;;金;17;S;key;かぎ; kagi;ケン;ken
541;繭;;糸;18;S;cocoon;まゆ; mayu;ケン;ken
542;顕;顯;頁;18;S;appear;;;ケン;ken
543;験;驗;馬;18;4;test;;;ケン, （ゲン）;ken,  (gen)
544;懸;;心;20;S;suspend;か-ける, か-かる; ka-keru,  ka-karu;ケン, （ケ）;ken,  (ke)
545;元;;儿;4;2;origin;もと; moto;ゲン, ガン;gen,  gan
546;幻;;幺;4;S;phantasm;まぼろし; maboroshi;ゲン;gen
547;玄;;玄;5;S;mysterious;;;ゲン;gen
548;言;;言;7;2;say;い-う, こと; i-u,  koto;ゲン, ゴン;gen,  gon
549;弦;;弓;8;S;bowstring;つる; tsuru;ゲン;gen
550;限;;阜;9;5;limit;かぎ-る; kagi-ru;ゲン;gen
551;原;;厂;10;2;field;はら; hara;ゲン;gen
552;現;;玉;11;5;appear;あらわ-れる, あらわ-す; arawa-reru,  arawa-su;ゲン;gen
553;舷;;舟;11;S;gunwale;;;ゲン;gen
554;減;;水;12;5;decrease;へ-る, へ-らす; he-ru,  he-rasu;ゲン;gen
555;源;;水;13;6;origin;みなもと; minamoto;ゲン;gen
556;厳;嚴;口;17;6;strict;おごそ-か, きび-しい; ogoso-ka,  kibi-shii;ゲン, （ゴン）;gen,  (gon)
557;己;;己;3;6;self;おのれ; onore;コ, キ;ko,  ki
558;戸;;戶;4;2;door;と; to;コ;ko
559;古;;口;5;2;old;ふる-い, ふる-す; furu-i,  furu-su;コ;ko
560;呼;;口;8;6;call;よ-ぶ; yo-bu;コ;ko
561;固;;囗;8;4;hard;かた-める, かた-まる, かた-い; kata-meru,  kata-maru,  kata-i;コ;ko
562;股;;肉;8;S;crotch;また; mata;コ;ko
563;虎;;虍;8;S;tiger;とら; tora;コ;ko
564;孤;;子;9;S;orphan;;;コ;ko
565;弧;;弓;9;S;arc;;;コ;ko
566;故;;攴;9;5;circumstances;ゆえ; yue;コ;ko
567;枯;;木;9;S;wither;か-れる, か-らす; ka-reru,  ka-rasu;コ;ko
568;個;;人;10;5;individual;;;コ;ko
569;庫;;广;10;3;warehouse;;;コ, （ク）;ko,  (ku)
570;湖;;水;12;3;lake;みずうみ; mizuumi;コ;ko
571;雇;;隹;12;S;employ;やと-う; yato-u;コ;ko
572;誇;;言;13;S;boast;ほこ-る; hoko-ru;コ;ko
573;鼓;;鼓;13;S;drum;つづみ; tsuzumi;コ;ko
574;錮;;金;16;S;tie up;;;コ;ko
575;顧;;頁;21;S;look back;かえり-みる; kaeri-miru;コ;ko
576;五;;二;4;1;five;いつ, いつ-つ; itsu,  itsu-tsu;ゴ;go
577;互;;二;4;S;mutually;たが-い; taga-i;ゴ;go
578;午;;十;4;2;noon;;;ゴ;go
579;呉;;口;7;S;give;;;ゴ;go
580;後;;彳;9;2;behind;のち, うし-ろ, あと, おく-れる; nochi,  ushi-ro,  ato,  oku-reru;ゴ, コウ;go,  kou
581;娯;;女;10;S;recreation;;;ゴ;go
582;悟;;心;10;S;enlightenment;さと-る; sato-ru;ゴ;go
583;碁;;石;13;S;Go;;;ゴ;go
584;語;;言;14;2;language;かた-る, かた-らう; kata-ru,  kata-rau;ゴ;go
585;誤;;言;14;6;mistake;あやま-る; ayama-ru;ゴ;go
586;護;;言;20;5;safeguard;;;ゴ;go
587;口;;口;3;1;mouth;くち; kuchi;コウ, ク;kou,  ku
588;工;;工;3;2;craft;;;コウ, ク;kou,  ku
589;公;;八;4;2;public;おおやけ; ooyake;コウ;kou
590;勾;;勹;4;S;capture;;;コウ;kou
591;孔;;子;4;S;cavity;;;コウ;kou
592;功;;力;5;4;achievement;;;コウ, （ク）;kou,  (ku)
593;巧;;工;5;S;adroit;たく-み; taku-mi;コウ;kou
594;広;廣;广;5;2;wide;ひろ-い, ひろ-まる, ひろ-める, ひろ-がる, ひろ-げる; hiro-i,  hiro-maru,  hiro-meru,  hiro-garu,  hiro-geru;コウ;kou
595;甲;;田;5;S;armor;;;コウ, カン;kou,  kan
596;交;;亠;6;2;mix;まじ-わる, まじ-える, ま-じる, ま-ざる, ま-ぜる, か-う, か-わす; maji-waru,  maji-eru,  ma-jiru,  ma-zaru,  ma-zeru,  ka-u,  ka-wasu;コウ;kou
597;光;;儿;6;2;ray;ひか-る, ひかり; hika-ru,  hikari;コウ;kou
598;向;;口;6;3;over there;む-く, む-ける, む-かう, む-こう; mu-ku,  mu-keru,  mu-kau,  mu-kou;コウ;kou
599;后;;口;6;6;empress;;;コウ;kou
600;好;;女;6;4;like;この-む, す-く; kono-mu,  su-ku;コウ;kou
601;江;;水;6;S;inlet;え; e;コウ;kou
602;考;;老;6;2;think;かんが-える; kanga-eru;コウ;kou
603;行;;行;6;2;go;い-く, ゆ-く, おこな-う; i-ku,  yu-ku,  okona-u;コウ, ギョウ, （アン）;kou,  gyou,  (an)
604;坑;;土;7;S;pit;;;コウ;kou
605;孝;;子;7;6;filial piety;;;コウ;kou
606;抗;;手;7;S;confront;;;コウ;kou
607;攻;;攴;7;S;aggression;せ-める; se-meru;コウ;kou
608;更;;曰;7;S;grow late;さら, ふ-ける, ふ-かす; sara,  fu-keru,  fu-kasu;コウ;kou
609;効;效;力;8;5;effect;き-く; ki-ku;コウ;kou
610;幸;;干;8;3;happiness;さいわ-い, さち, しあわ-せ; saiwa-i,  sachi,  shiawa-se;コウ;kou
611;拘;;手;8;S;arrest;;;コウ;kou
612;肯;;肉;8;S;agreement;;;コウ;kou
613;侯;;人;9;S;marquis;;;コウ;kou
614;厚;;厂;9;5;thick;あつ-い; atsu-i;コウ;kou
615;恒;恆;心;9;S;constancy;;;コウ;kou
616;洪;;水;9;S;deluge;;;コウ;kou
617;皇;;白;9;6;emperor;;;コウ, オウ;kou,  ou
618;紅;;糸;9;6;deep red;べに, くれない; beni,  kurenai;コウ, （ク）;kou,  (ku)
619;荒;;艸;9;S;laid waste;あら-い, あ-れる, あ-らす; ara-i,  a-reru,  a-rasu;コウ;kou
620;郊;;邑;9;S;outskirts;;;コウ;kou
621;香;;香;9;4;incense;か, かお-り, かお-る; ka,  kao-ri,  kao-ru;コウ, （キョウ）;kou,  (kyou)
622;候;;人;10;4;climate;そうろう; sourou;コウ;kou
623;校;;木;10;1;school;;;コウ;kou
624;耕;;耒;10;5;till;たがや-す; tagaya-su;コウ;kou
625;航;;舟;10;5;cruise;;;コウ;kou
626;貢;;貝;10;S;tribute;みつ-ぐ; mitsu-gu;コウ, （ク）;kou,  (ku)
627;降;;阜;10;6;descend;お-りる, お-ろす, ふ-る; o-riru,  o-rosu,  fu-ru;コウ;kou
628;高;;高;10;2;tall, expensive;たか-い, たか, たか-まる, たか-める; taka-i,  taka,  taka-maru,  taka-meru;コウ;kou
629;康;;广;11;4;health;;;コウ;kou
630;控;;手;11;S;withdraw;ひか-える; hika-eru;コウ;kou
631;梗;;木;11;S;close up;;;コウ;kou
632;黄;黃;黃;11;2;yellow;き, （こ）; ki,  (ko);コウ, オウ;kou,  ou
633;喉;;口;12;S;throat;のど; nodo;コウ;kou
634;慌;;心;12;S;disconcerted;あわ-てる, あわ-ただしい; awa-teru,  awa-tadashii;コウ;kou
635;港;;水;12;3;harbor;みなと; minato;コウ;kou
636;硬;;石;12;S;stiff;かた-い; kata-i;コウ;kou
637;絞;;糸;12;S;strangle;しぼ-る, し-める, し-まる; shibo-ru,  shi-meru,  shi-maru;コウ;kou
638;項;;頁;12;S;paragraph;;;コウ;kou
639;溝;;水;13;S;gutter;みぞ; mizo;コウ;kou
640;鉱;鑛;金;13;5;mineral;;;コウ;kou
641;構;;木;14;5;construct;かま-える, かま-う; kama-eru,  kama-u;コウ;kou
642;綱;;糸;14;S;hawser;つな; tsuna;コウ;kou
643;酵;;酉;14;S;fermentation;;;コウ;kou
644;稿;;禾;15;S;draft;;;コウ;kou
645;興;;臼;16;5;entertain;おこ-る, おこ-す; oko-ru,  oko-su;コウ, キョウ;kou,  kyou
646;衡;;行;16;S;equilibrium;;;コウ;kou
647;鋼;;金;16;6;steel;はがね; hagane;コウ;kou
648;講;;言;17;5;lecture;;;コウ;kou
649;購;;貝;17;S;subscription;;;コウ;kou
650;乞;;乙;3;S;beg;こ-う;ko-u;;
651;号;號;虍;5;3;number;;;ゴウ;gou
652;合;;口;6;2;fit;あ-う, あ-わす, あ-わせる; a-u,  a-wasu,  a-waseru;ゴウ, ガッ, （カッ）;gou,  ga',  (ka')
653;拷;;手;9;S;torture;;;ゴウ;gou
654;剛;;刀;10;S;sturdy;;;ゴウ;gou
655;傲;;人;13;S;be proud;;;ゴウ;gou
656;豪;;豕;14;S;overpowering;;;ゴウ;gou
657;克;;儿;7;S;overcome;;;コク;koku
658;告;;口;7;5;tell;つ-げる; tsu-geru;コク;koku
659;谷;;谷;7;2;valley;たに; tani;コク;koku
660;刻;;刀;8;6;engrave;きざ-む; kiza-mu;コク;koku
661;国;國;囗;8;2;country;くに; kuni;コク;koku
662;黒;黑;黑;11;2;black;くろ, くろ-い; kuro,  kuro-i;コク;koku
663;穀;穀;禾;14;6;cereals;;;コク;koku
664;酷;;酉;14;S;cruel;;;コク;koku
665;獄;;犬;14;S;prison;;;ゴク;goku
666;骨;;骨;10;6;bone;ほね; hone;コツ;kotsu
667;駒;;馬;15;S;horse;こま;koma;;
668;込;;辵;5;S;crowded;こ-む, こ-める;ko-mu,  ko-meru;;
669;頃;;頁;11;S;times;ころ;koro;;
670;今;;人;4;2;now;いま; ima;コン, キン;kon,  kin
671;困;;囗;7;6;become distressed;こま-る; koma-ru;コン;kon
672;昆;;日;8;S;descendants;;;コン;kon
673;恨;;心;9;S;rancor;うら-む, うら-めしい; ura-mu,  ura-meshii;コン;kon
674;根;;木;10;3;root;ね; ne;コン;kon
675;婚;;女;11;S;marriage;;;コン;kon
676;混;;水;11;5;mix;ま-じる, ま-ざる, ま-ぜる, こ-む; ma-jiru,  ma-zaru,  ma-zeru,  ko-mu;コン;kon
677;痕;;疒;11;S;mark;あと; ato;コン;kon
678;紺;;糸;11;S;dark blue;;;コン;kon
679;魂;;鬼;14;S;soul;たましい; tamashii;コン;kon
680;墾;;土;16;S;ground-breaking;;;コン;kon
681;懇;;心;17;S;sociable;ねんご-ろ; nengo-ro;コン;kon
682;左;;工;5;1;left (direction);ひだり; hidari;サ;sa
683;佐;;人;7;4;help;;;サ;sa
684;沙;;水;7;S;sand;;;サ;sa
685;査;;木;9;5;investigate;;;サ;sa
686;砂;;石;9;6;sand;すな; suna;サ, シャ;sa,  sha
687;唆;;口;10;S;tempt;そそのか-す; sosonoka-su;サ;sa
688;差;;工;10;4;distinction;さ-す; sa-su;サ;sa
689;詐;;言;12;S;lie;;;サ;sa
690;鎖;;金;18;S;chain;くさり; kusari;サ;sa
691;座;;广;10;6;sit;すわ-る; suwa-ru;ザ;za
692;挫;;手;10;S;sprain;;;ザ;za
693;才;;手;3;2;genius;;;サイ;sai
694;再;;冂;6;5;again;ふたた-び; futata-bi;サイ, （サ）;sai,  (sa)
695;災;;火;7;5;disaster;わざわ-い; wazawa-i;サイ;sai
696;妻;;女;8;5;wife;つま; tsuma;サイ;sai
697;采;;釆;8;S;form;;;サイ;sai
698;砕;碎;石;9;S;smash;くだ-く, くだ-ける; kuda-ku,  kuda-keru;サイ;sai
699;宰;;宀;10;S;superintend;;;サイ;sai
700;栽;;木;10;S;plantation;;;サイ;sai
701;彩;;彡;11;S;coloring;いろど-る; irodo-ru;サイ;sai
702;採;;手;11;5;pick;と-る; to-ru;サイ;sai
703;済;濟;水;11;6;settle;す-む, す-ます; su-mu,  su-masu;サイ;sai
704;祭;;示;11;3;festival;まつ-る, まつ-り; matsu-ru,  matsu-ri;サイ;sai
705;斎;齋;齊;11;S;purification;;;サイ;sai
706;細;;糸;11;2;thin;ほそ-い, ほそ-る, こま-か, こま-かい; hoso-i,  hoso-ru,  koma-ka,  koma-kai;サイ;sai
707;菜;;艸;11;4;vegetable;な; na;サイ;sai
708;最;;曰;12;4;most;もっと-も; motto-mo;サイ;sai
709;裁;;衣;12;6;judge;た-つ, さば-く; ta-tsu,  saba-ku;サイ;sai
710;債;;人;13;S;bond;;;サイ;sai
711;催;;人;13;S;sponsor;もよお-す; moyoo-su;サイ;sai
712;塞;;土;13;S;obstruct;ふさ-ぐ, ふさ-がる; fusa-gu,  fusa-garu;サイ, ソク;sai,  soku
713;歳;;止;13;S;year-end;;;サイ, （セイ）;sai,  (sei)
714;載;;車;13;S;ride;の-せる, の-る; no-seru,  no-ru;サイ;sai
715;際;;阜;14;5;occasion;きわ; kiwa;サイ;sai
716;埼;;土;11;4;cape (geography);（さい）;(sai);;
717;在;;土;6;5;exist;あ-る; a-ru;ザイ;zai
718;材;;木;7;4;lumber;;;ザイ;zai
719;剤;劑;刀;10;S;dose;;;ザイ;zai
720;財;;貝;10;5;wealth;;;ザイ, （サイ）;zai,  (sai)
721;罪;;网;13;5;guilt;つみ; tsumi;ザイ;zai
722;崎;;山;11;4;promontory;さき;saki;;
723;作;;人;7;2;make;つく-る; tsuku-ru;サク, サ;saku,  sa
724;削;;刀;9;S;plane;けず-る; kezu-ru;サク;saku
725;昨;;日;9;4;previous;;;サク;saku
726;柵;;木;9;S;fence;;;サク;saku
727;索;;糸;10;S;cord;;;サク;saku
728;策;;竹;12;6;scheme;;;サク;saku
729;酢;;酉;12;S;vinegar;す; su;サク;saku
730;搾;;手;13;S;squeeze;しぼ-る; shibo-ru;サク;saku
731;錯;;金;16;S;confused;;;サク;saku
732;咲;;口;9;S;blossom;さ-く;sa-ku;;
733;冊;;冂;5;6;counter for books;;;サツ, サク;satsu,  saku
734;札;;木;5;4;tag;ふだ; fuda;サツ;satsu
735;刷;;刀;8;4;printing;す-る; su-ru;サツ;satsu
736;刹;;刀;8;S;temple;;;サツ, セツ;satsu,  setsu
737;拶;;手;9;S;be imminent;;;サツ;satsu
738;殺;殺;殳;10;5;kill;ころ-す; koro-su;サツ, （サイ）, （セツ）;satsu,  (sai),  (setsu)
739;察;;宀;14;4;guess;;;サツ;satsu
740;撮;;手;15;S;snapshot;と-る; to-ru;サツ;satsu
741;擦;;手;17;S;grate;す-る, す-れる; su-ru,  su-reru;サツ;satsu
742;雑;雜;隹;14;5;miscellaneous;;;ザツ, ゾウ;zatsu,  zou
743;皿;;皿;5;3;dish;さら;sara;;
744;三;;一;3;1;three;み, み-つ, みっ-つ; mi,  mi-tsu,  mi'-tsu;サン;san
745;山;;山;3;1;mountain;やま; yama;サン;san
746;参;參;厶;8;4;participate;まい-る; mai-ru;サン;san
747;桟;棧;木;10;S;scaffold;;;サン;san
748;蚕;蠶;虫;10;6;silkworm;かいこ; kaiko;サン;san
749;惨;慘;心;11;S;wretched;みじ-め; miji-me;サン, ザン;san,  zan
750;産;;生;11;4;give birth;う-む, う-まれる, うぶ; u-mu,  u-mareru,  ubu;サン;san
751;傘;;人;12;S;umbrella;かさ; kasa;サン;san
752;散;;攴;12;4;scatter;ち-る, ち-らす, ち-らかす, ち-らかる; chi-ru,  chi-rasu,  chi-rakasu,  chi-rakaru;サン;san
753;算;;竹;14;2;calculate;;;サン;san
754;酸;;酉;14;5;acid;す-い; su-i;サン;san
755;賛;贊;貝;15;5;approve;;;サン;san
756;残;殘;歹;10;4;remainder;のこ-る, のこ-す; noko-ru,  noko-su;ザン;zan
757;斬;;斤;11;S;kill by slicing;き-る; ki-ru;ザン;zan
758;暫;;日;15;S;temporarily;;;ザン;zan
759;士;;士;3;5;gentleman;;;シ;shi
760;子;;子;3;1;child;こ; ko;シ, ス;shi,  su
761;支;;支;4;5;branch;ささ-える; sasa-eru;シ;shi
762;止;;止;4;2;stop;と-まる, と-める; to-maru,  to-meru;シ;shi
763;氏;;氏;4;4;family name;うじ; uji;シ;shi
764;仕;;人;5;3;do;つか-える; tsuka-eru;シ, （ジ）;shi,  (ji)
765;史;;口;5;5;history;;;シ;shi
766;司;;口;5;4;director;;;シ;shi
767;四;;囗;5;1;four;よ, よ-つ, よっ-つ, よん; yo,  yo-tsu,  yo'-tsu,  yon;シ;shi
768;市;;巾;5;2;market;いち; ichi;シ;shi
769;矢;;矢;5;2;arrow;や; ya;シ;shi
770;旨;;日;6;S;delicious;むね; mune;シ;shi
771;死;;歹;6;3;death;し-ぬ; shi-nu;シ;shi
772;糸;絲;糸;6;1;thread;いと; ito;シ;shi
773;至;;至;6;6;climax;いた-る; ita-ru;シ;shi
774;伺;;人;7;S;pay respects;うかが-う; ukaga-u;シ;shi
775;志;;心;7;5;intention;こころざ-す, こころざし; kokoroza-su,  kokorozashi;シ;shi
776;私;;禾;7;6;me;わたくし, わたし; watakushi,  watashi;シ;shi
777;使;;人;8;3;use;つか-う; tsuka-u;シ;shi
778;刺;;刀;8;S;thorn;さ-す, さ-さる; sa-su,  sa-saru;シ;shi
779;始;;女;8;3;begin;はじ-める, はじ-まる; haji-meru,  haji-maru;シ;shi
780;姉;;女;8;2;older sister;あね; ane;シ;shi
781;枝;;木;8;5;branch;えだ; eda;シ;shi
782;祉;祉;示;8;S;welfare;;;シ;shi
783;肢;;肉;8;S;limb;;;シ;shi
784;姿;;女;9;6;figure;すがた; sugata;シ;shi
785;思;;心;9;2;think;おも-う; omo-u;シ;shi
786;指;;手;9;3;finger;ゆび, さ-す; yubi,  sa-su;シ;shi
787;施;;方;9;S;carry out;ほどこ-す; hodoko-su;シ, セ;shi,  se
788;師;;巾;10;5;expert;;;シ;shi
789;恣;;心;10;S;selfish;;;シ;shi
790;紙;;糸;10;2;paper;かみ; kami;シ;shi
791;脂;;肉;10;S;fat;あぶら; abura;シ;shi
792;視;視;見;11;6;look at;;;シ;shi
793;紫;;糸;12;S;purple;むらさき; murasaki;シ;shi
794;詞;;言;12;6;poetry;;;シ;shi
795;歯;齒;齒;12;3;tooth;は; ha;シ;shi
796;嗣;;口;13;S;heir;;;シ;shi
797;試;;言;13;4;test;こころ-みる, ため-す; kokoro-miru,  tame-su;シ;shi
798;詩;;言;13;3;poem;;;シ;shi
799;資;;貝;13;5;resources;;;シ;shi
800;飼;;食;13;5;domesticate;か-う; ka-u;シ;shi
801;誌;;言;14;6;document;;;シ;shi
802;雌;;隹;14;S;feminine;め, めす; me,  mesu;シ;shi
803;摯;;手;15;S;seriousness;;;シ;shi
804;賜;;貝;15;S;grant;たまわ-る; tamawa-ru;シ;shi
805;諮;;言;16;S;consult with;はか-る; haka-ru;シ;shi
806;示;;示;5;5;indicate;しめ-す; shime-su;ジ, シ;ji,  shi
807;字;;子;6;1;letter;あざ; aza;ジ;ji
808;寺;;寸;6;2;Buddhist temple;てら; tera;ジ;ji
809;次;;欠;6;3;next;つ-ぐ, つぎ; tsu-gu,  tsugi;ジ, シ;ji,  shi
810;耳;;耳;6;1;ear;みみ; mimi;ジ;ji
811;自;;自;6;2;oneself;みずか-ら; mizuka-ra;ジ, シ;ji,  shi
812;似;;人;7;5;becoming;に-る; ni-ru;ジ;ji
813;児;兒;儿;7;4;child;;;ジ, （ニ）;ji,  (ni)
814;事;;亅;8;3;abstract thing;こと; koto;ジ, （ズ）;ji,  (zu)
815;侍;;人;8;S;waiter;さむらい; samurai;ジ;ji
816;治;;水;8;4;govern;おさ-める, おさ-まる, なお-る, なお-す; osa-meru,  osa-maru,  nao-ru,  nao-su;ジ, チ;ji,  chi
817;持;;手;9;3;hold;も-つ; mo-tsu;ジ;ji
818;時;;日;10;2;time;とき; toki;ジ;ji
819;滋;;水;12;4;nourishing;;;ジ;ji
820;慈;;心;13;S;mercy;いつく-しむ; itsuku-shimu;ジ;ji
821;辞;辭;辛;13;4;resign;や-める; ya-meru;ジ;ji
822;磁;;石;14;6;magnet;;;ジ;ji
823;餌;;食;15;S;bait;えさ, え; esa,  e;ジ;ji
824;璽;;玉;19;S;emperor's seal;;;ジ;ji
825;鹿;;鹿;11;4;deer;しか, （か）;shika,  (ka);;
826;式;;弋;6;3;style;;;シキ;shiki
827;識;;言;19;5;discriminating;;;シキ;shiki
828;軸;;車;12;S;axis;;;ジク;jiku
829;七;;一;2;1;seven;なな, なな-つ, （なの）; nana,  nana-tsu,  (nano);シチ;shichi
830;𠮟;;口;5;S;scold;しか-る; shika-ru;シツ;shitsu
831;失;;大;5;4;lose;うしな-う; ushina-u;シツ;shitsu
832;室;;宀;9;2;room;むろ; muro;シツ;shitsu
833;疾;;疒;10;S;rapidly;;;シツ;shitsu
834;執;;土;11;S;tenacious;と-る; to-ru;シツ, シュウ;shitsu,  shuu
835;湿;濕;水;12;S;damp;しめ-る, しめ-す; shime-ru,  shime-su;シツ;shitsu
836;嫉;;女;13;S;envy;;;シツ;shitsu
837;漆;;水;14;S;lacquer;うるし; urushi;シツ;shitsu
838;質;;貝;15;5;quality;;;シツ, シチ, （チ）;shitsu,  shichi,  (chi)
839;実;實;宀;8;3;truth;み, みの-る; mi,  mino-ru;ジツ;jitsu
840;芝;;艸;6;S;turf;しば;shiba;;
841;写;寫;宀;5;3;copy;うつ-す, うつ-る; utsu-su,  utsu-ru;シャ;sha
842;社;社;示;7;2;company;やしろ; yashiro;シャ;sha
843;車;;車;7;1;car;くるま; kuruma;シャ;sha
844;舎;舍;舌;8;5;cottage;;;シャ;sha
845;者;者;老;8;3;someone;もの; mono;シャ;sha
846;射;;寸;10;6;shoot;い-る; i-ru;シャ;sha
847;捨;;手;11;6;throw away;す-てる; su-teru;シャ;sha
848;赦;;赤;11;S;pardon;;;シャ;sha
849;斜;;斗;11;S;diagonal;なな-め; nana-me;シャ;sha
850;煮;煮;火;12;S;boil;に-る, に-える, に-やす; ni-ru,  ni-eru,  ni-yasu;シャ;sha
851;遮;;辵;14;S;intercept;さえぎ-る; saegi-ru;シャ;sha
852;謝;;言;17;5;apologize;あやま-る; ayama-ru;シャ;sha
853;邪;;邑;8;S;wicked;;;ジャ;ja
854;蛇;;虫;11;S;snake;へび; hebi;ジャ, ダ;ja,  da
855;尺;;尸;4;6;shaku;;;シャク;shaku
856;借;;人;10;4;borrow;か-りる; ka-riru;シャク;shaku
857;酌;;酉;10;S;bartending;く-む; ku-mu;シャク;shaku
858;釈;釋;釆;11;S;explanation;;;シャク;shaku
859;爵;;爪;17;S;baron;;;シャク;shaku
860;若;;艸;8;6;young;わか-い, も-しくは; waka-i,  mo-shikuha;ジャク, （ニャク）;jaku,  (nyaku)
861;弱;;弓;10;2;weak;よわ-い, よわ-る, よわ-まる, よわ-める; yowa-i,  yowa-ru,  yowa-maru,  yowa-meru;ジャク;jaku
862;寂;;宀;11;S;loneliness;さび, さび-しい, さび-れる; sabi,  sabi-shii,  sabi-reru;ジャク, （セキ）;jaku,  (seki)
863;手;;手;4;1;hand;て, （た）; te,  (ta);シュ;shu
864;主;;丶;5;3;master;ぬし, おも; nushi,  omo;シュ, （ス）;shu,  (su)
865;守;;宀;6;3;protect;まも-る, も-り; mamo-ru,  mo-ri;シュ, （ス）;shu,  (su)
866;朱;;木;6;S;vermilion;;;シュ;shu
867;取;;又;8;3;take;と-る; to-ru;シュ;shu
868;狩;;犬;9;S;hunt;か-る, か-り; ka-ru,  ka-ri;シュ;shu
869;首;;首;9;2;neck;くび; kubi;シュ;shu
870;殊;;歹;10;S;particularly;こと; koto;シュ;shu
871;珠;;玉;10;S;pearl;;;シュ;shu
872;酒;;酉;10;3;alcoholic drink;さけ, （さか）; sake,  (saka);シュ;shu
873;腫;;肉;13;S;tumor;は-れる, は-らす; ha-reru,  ha-rasu;シュ;shu
874;種;;禾;14;4;kind;たね; tane;シュ;shu
875;趣;;走;15;S;gist;おもむき; omomuki;シュ;shu
876;寿;壽;士;7;S;longevity;ことぶき; kotobuki;ジュ;ju
877;受;;又;8;3;accept;う-ける, う-かる; u-keru,  u-karu;ジュ;ju
878;呪;;口;8;S;curse;のろ-う; noro-u;ジュ;ju
879;授;;手;11;5;instruct;さず-ける, さず-かる; sazu-keru,  sazu-karu;ジュ;ju
880;需;;雨;14;S;demand;;;ジュ;ju
881;儒;;人;16;S;Confucian;;;ジュ;ju
882;樹;;木;16;6;trees;;;ジュ;ju
883;収;收;攴;4;6;take in;おさ-める, おさ-まる; osa-meru,  osa-maru;シュウ;shuu
884;囚;;囗;5;S;captured;;;シュウ;shuu
885;州;;巛;6;3;state;す; su;シュウ;shuu
886;舟;;舟;6;S;boat;ふね, （ふな）; fune,  (funa);シュウ;shuu
887;秀;;禾;7;S;excel;ひい-でる; hii-deru;シュウ;shuu
888;周;;口;8;4;circumference;まわ-り; mawa-ri;シュウ;shuu
889;宗;;宀;8;6;religion;;;シュウ, ソウ;shuu,  sou
890;拾;;手;9;3;pick up;ひろ-う; hiro-u;シュウ, ジュウ;shuu,  juu
891;秋;;禾;9;2;autumn;あき; aki;シュウ;shuu
892;臭;臭;自;9;S;stinking;くさ-い, にお-う; kusa-i,  nio-u;シュウ;shuu
893;修;;人;10;5;discipline;おさ-める, おさ-まる; osa-meru,  osa-maru;シュウ, （シュ）;shuu,  (shu)
894;袖;;衣;10;S;sleeve;そで; sode;シュウ;shuu
895;終;;糸;11;3;end;お-わる, お-える; o-waru,  o-eru;シュウ;shuu
896;羞;;羊;11;S;feel ashamed;;;シュウ;shuu
897;習;;羽;11;3;learn;なら-う; nara-u;シュウ;shuu
898;週;;辵;11;2;week;;;シュウ;shuu
899;就;;尢;12;6;concerning;つ-く, つ-ける; tsu-ku,  tsu-keru;シュウ, （ジュ）;shuu,  (ju)
900;衆;;血;12;6;masses;;;シュウ, （シュ）;shuu,  (shu)
901;集;;隹;12;3;collect;あつ-まる, あつ-める, つど-う; atsu-maru,  atsu-meru,  tsudo-u;シュウ;shuu
902;愁;;心;13;S;distress;うれ-える, うれ-い; ure-eru,  ure-i;シュウ;shuu
903;酬;;酉;13;S;repay;;;シュウ;shuu
904;醜;;酉;17;S;ugly;みにく-い; miniku-i;シュウ;shuu
905;蹴;;足;19;S;kick;け-る; ke-ru;シュウ;shuu
906;襲;;衣;22;S;attack;おそ-う; oso-u;シュウ;shuu
907;十;;十;2;1;ten;とお, と; too,  to;ジュウ, ジッ;juu,  ji'
908;汁;;水;5;S;soup;しる; shiru;ジュウ;juu
909;充;;儿;6;S;allot;あ-てる; a-teru;ジュウ;juu
910;住;;人;7;3;dwelling;す-む, す-まう; su-mu,  su-mau;ジュウ;juu
911;柔;;木;9;S;tender;やわ-らか, やわ-らかい; yawa-raka,  yawa-rakai;ジュウ, ニュウ;juu,  nyuu
912;重;;里;9;3;heavy;え, おも-い, かさ-ねる, かさ-なる; e,  omo-i,  kasa-neru,  kasa-naru;ジュウ, チョウ;juu,  chou
913;従;從;彳;10;6;obey;したが-う, したが-える; shitaga-u,  shitaga-eru;ジュウ, （ショウ）, （ジュ）;juu,  (shou),  (ju)
914;渋;澁;水;11;S;astringent;しぶ, しぶ-い, しぶ-る; shibu,  shibu-i,  shibu-ru;ジュウ;juu
915;銃;;金;14;S;gun;;;ジュウ;juu
916;獣;獸;犬;16;S;animal;けもの; kemono;ジュウ;juu
917;縦;縱;糸;16;6;vertical;たて; tate;ジュウ;juu
918;叔;;又;8;S;uncle;;;シュク;shuku
919;祝;祝;示;9;4;celebrate;いわ-う; iwa-u;シュク, （シュウ）;shuku,  (shuu)
920;宿;;宀;11;3;inn;やど, やど-る, やど-す; yado,  yado-ru,  yado-su;シュク;shuku
921;淑;;水;11;S;graceful;;;シュク;shuku
922;粛;肅;聿;11;S;solemn;;;シュク;shuku
923;縮;;糸;17;6;shrink;ちぢ-む, ちぢ-まる, ちぢ-める, ちぢ-れる, ちぢ-らす; chiji-mu,  chiji-maru,  chiji-meru,  chiji-reru,  chiji-rasu;シュク;shuku
924;塾;;土;14;S;cram school;;;ジュク;juku
925;熟;;火;15;6;ripen;う-れる; u-reru;ジュク;juku
926;出;;凵;5;1;exit;で-る, だ-す; de-ru,  da-su;シュツ, （スイ）;shutsu,  (sui)
927;述;;辵;8;5;mention;の-べる; no-beru;ジュツ;jutsu
928;術;;行;11;5;art;;;ジュツ;jutsu
929;俊;;人;9;S;genius;;;シュン;shun
930;春;;日;9;2;springtime;はる; haru;シュン;shun
931;瞬;;目;18;S;wink;またた-く; matata-ku;シュン;shun
932;旬;;日;6;S;10-day period (of the month);;;ジュン, （シュン）;jun,  (shun)
933;巡;;巛;6;S;patrol;めぐ-る; megu-ru;ジュン;jun
934;盾;;目;9;S;shield;たて; tate;ジュン;jun
935;准;;冫;10;S;quasi-;;;ジュン;jun
936;殉;;歹;10;S;martyrdom;;;ジュン;jun
937;純;;糸;10;6;genuine;;;ジュン;jun
938;循;;彳;12;S;sequential;;;ジュン;jun
939;順;;頁;12;4;obey;;;ジュン;jun
940;準;;水;13;5;standard;;;ジュン;jun
941;潤;;水;15;S;wet;うるお-う, うるお-す, うる-む; uruo-u,  uruo-su,  uru-mu;ジュン;jun
942;遵;;辵;15;S;abide by;;;ジュン;jun
943;処;處;虍;5;6;dispose;;;ショ;sho
944;初;;刀;7;4;first;はじ-め, はじ-めて, はつ, うい, そ-める; haji-me,  haji-mete,  hatsu,  ui,  so-meru;ショ;sho
945;所;;戶;8;3;place;ところ; tokoro;ショ;sho
946;書;;曰;10;2;write;か-く; ka-ku;ショ;sho
947;庶;;广;11;S;commoner;;;ショ;sho
948;暑;暑;日;12;3;hot;あつ-い; atsu-i;ショ;sho
949;署;署;网;13;6;government office;;;ショ;sho
950;緒;緖;糸;14;S;thong;お; o;ショ, （チョ）;sho,  (cho)
951;諸;諸;言;15;6;various;;;ショ;sho
952;女;;女;3;1;woman;おんな, め; onna,  me;ジョ, ニョ, （ニョウ）;jo,  nyo,  (nyou)
953;如;;女;6;S;likeness;;;ジョ, ニョ;jo,  nyo
954;助;;力;7;3;help;たす-ける, たす-かる, すけ; tasu-keru,  tasu-karu,  suke;ジョ;jo
955;序;;广;7;5;preface;;;ジョ;jo
956;叙;敍;攴;9;S;confer;;;ジョ;jo
957;徐;;彳;10;S;gradually;;;ジョ;jo
958;除;;阜;10;6;exclude;のぞ-く; nozo-ku;ジョ, （ジ）;jo,  (ji)
959;小;;小;3;1;small;ちい-さい, こ, お; chii-sai,  ko,  o;ショウ;shou
960;升;;十;4;S;measuring box;ます; masu;ショウ;shou
961;少;;小;4;2;few;すく-ない, すこ-し; suku-nai,  suko-shi;ショウ;shou
962;召;;口;5;S;summon;め-す; me-su;ショウ;shou
963;匠;;匚;6;S;artisan;;;ショウ;shou
964;床;;广;7;S;bed;とこ, ゆか; toko,  yuka;ショウ;shou
965;抄;;手;7;S;extract;;;ショウ;shou
966;肖;;肉;7;S;resemblance;;;ショウ;shou
967;尚;;小;8;S;esteem;;;ショウ;shou
968;招;;手;8;5;beckon;まね-く; mane-ku;ショウ;shou
969;承;;手;8;6;acquiesce;うけたまわ-る; uketamawa-ru;ショウ;shou
970;昇;;日;8;S;rise up;のぼ-る; nobo-ru;ショウ;shou
971;松;;木;8;4;pine;まつ; matsu;ショウ;shou
972;沼;;水;8;S;marsh;ぬま; numa;ショウ;shou
973;昭;;日;9;3;shining;;;ショウ;shou
974;宵;;宀;10;S;wee hours;よい; yoi;ショウ;shou
975;将;將;寸;10;6;leader;;;ショウ;shou
976;消;;水;10;3;extinguish;き-える, け-す; ki-eru,  ke-su;ショウ;shou
977;症;;疒;10;S;symptoms;;;ショウ;shou
978;祥;祥;示;10;S;auspicious;;;ショウ;shou
979;称;稱;禾;10;S;appellation;;;ショウ;shou
980;笑;;竹;10;4;laugh;わら-う, え-む; wara-u,  e-mu;ショウ;shou
981;唱;;口;11;4;chant;とな-える; tona-eru;ショウ;shou
982;商;;口;11;3;sell;あきな-う; akina-u;ショウ;shou
983;渉;涉;水;11;S;ford;;;ショウ;shou
984;章;;立;11;3;chapter;;;ショウ;shou
985;紹;;糸;11;S;introduce;;;ショウ;shou
986;訟;;言;11;S;sue;;;ショウ;shou
987;勝;;力;12;3;win;か-つ, まさ-る; ka-tsu,  masa-ru;ショウ;shou
988;掌;;手;12;S;manipulate;;;ショウ;shou
989;晶;;日;12;S;sparkle;;;ショウ;shou
990;焼;燒;火;12;4;bake;や-く, や-ける; ya-ku,  ya-keru;ショウ;shou
991;焦;;火;12;S;char;こ-げる, こ-がす, こ-がれる, あせ-る; ko-geru,  ko-gasu,  ko-gareru,  ase-ru;ショウ;shou
992;硝;;石;12;S;nitrate;;;ショウ;shou
993;粧;;米;12;S;cosmetics;;;ショウ;shou
994;詔;;言;12;S;imperial edict;みことのり; mikotonori;ショウ;shou
995;証;證;言;12;5;evidence;;;ショウ;shou
996;象;;豕;12;5;elephant;;;ショウ, ゾウ;shou,  zou
997;傷;;人;13;6;wound;きず, いた-む, いた-める; kizu,  ita-mu,  ita-meru;ショウ;shou
998;奨;奬;大;13;S;exhort;;;ショウ;shou
999;照;;火;13;4;illuminate;て-る, て-らす, て-れる; te-ru,  te-rasu,  te-reru;ショウ;shou
1000;詳;;言;13;S;detailed;くわ-しい; kuwa-shii;ショウ;shou
1001;彰;;彡;14;S;patent;;;ショウ;shou
1002;障;;阜;14;6;hurt;さわ-る; sawa-ru;ショウ;shou
1003;憧;;心;15;S;desire;あこが-れる; akoga-reru;ショウ;shou
1004;衝;;行;15;S;collide;;;ショウ;shou
1005;賞;;貝;15;5;prize;;;ショウ;shou
1006;償;;人;17;S;reparation;つぐな-う; tsuguna-u;ショウ;shou
1007;礁;;石;17;S;reef;;;ショウ;shou
1008;鐘;;金;20;S;bell;かね; kane;ショウ;shou
1009;上;;一;3;1;up;うえ, （うわ）, かみ, あ-げる, あ-がる, のぼ-る, のぼ-せる, のぼ-す; ue,  (uwa),  kami,  a-geru,  a-garu,  nobo-ru,  nobo-seru,  nobo-su;ジョウ, （ショウ）;jou,  (shou)
1010;丈;;一;3;S;length;たけ; take;ジョウ;jou
1011;冗;;冖;4;S;superfluous;;;ジョウ;jou
1012;条;條;木;7;5;clause;;;ジョウ;jou
1013;状;狀;犬;7;5;form;;;ジョウ;jou
1014;乗;乘;丿;9;3;ride;の-る, の-せる; no-ru,  no-seru;ジョウ;jou
1015;城;;土;9;4;castle;しろ; shiro;ジョウ;jou
1016;浄;淨;水;9;S;clean;;;ジョウ;jou
1017;剰;剩;刀;11;S;surplus;;;ジョウ;jou
1018;常;;巾;11;5;normal;つね, とこ; tsune,  toko;ジョウ;jou
1019;情;;心;11;5;feelings;なさ-け; nasa-ke;ジョウ, （セイ）;jou,  (sei)
1020;場;;土;12;2;place;ば; ba;ジョウ;jou
1021;畳;疊;田;12;S;tatami mat;たた-む, たたみ; tata-mu,  tatami;ジョウ;jou
1022;蒸;;艸;13;6;steam;む-す, む-れる, む-らす; mu-su,  mu-reru,  mu-rasu;ジョウ;jou
1023;縄;繩;糸;15;4;straw rope;なわ; nawa;ジョウ;jou
1024;壌;壤;土;16;S;lot;;;ジョウ;jou
1025;嬢;孃;女;16;S;lass;;;ジョウ;jou
1026;錠;;金;16;S;lock;;;ジョウ;jou
1027;譲;讓;言;20;S;defer;ゆず-る; yuzu-ru;ジョウ;jou
1028;醸;釀;酉;20;S;brew;かも-す; kamo-su;ジョウ;jou
1029;色;;色;6;2;color;いろ; iro;ショク, シキ;shoku,  shiki
1030;拭;;手;9;S;wipe;ふ-く, ぬぐ-う; fu-ku,  nugu-u;ショク;shoku
1031;食;;食;9;2;eat, meal;く-う, く-らう, た-べる; ku-u,  ku-rau,  ta-beru;ショク, （ジキ）;shoku,  (jiki)
1032;植;;木;12;3;plant;う-える, う-わる; u-eru,  u-waru;ショク;shoku
1033;殖;;歹;12;S;augment;ふ-える, ふ-やす; fu-eru,  fu-yasu;ショク;shoku
1034;飾;;食;13;S;decorate;かざ-る; kaza-ru;ショク;shoku
1035;触;觸;角;13;S;contact;ふ-れる, さわ-る; fu-reru,  sawa-ru;ショク;shoku
1036;嘱;囑;口;15;S;entrust;;;ショク;shoku
1037;織;;糸;18;5;weave;お-る; o-ru;ショク, シキ;shoku,  shiki
1038;職;;耳;18;5;employment;;;ショク;shoku
1039;辱;;辰;10;S;embarrass;はずかし-める; hazukashi-meru;ジョク;joku
1040;尻;;尸;5;S;buttocks;しり;shiri;;
1041;心;;心;4;2;heart;こころ; kokoro;シン;shin
1042;申;;田;5;3;say;もう-す; mou-su;シン;shin
1043;伸;;人;7;S;lengthen;の-びる, の-ばす, の-べる; no-biru,  no-basu,  no-beru;シン;shin
1044;臣;;臣;7;4;retainer;;;シン, ジン;shin,  jin
1045;芯;;艸;7;S;core;;;シン;shin
1046;身;;身;7;3;body;み; mi;シン;shin
1047;辛;;辛;7;S;spicy;から-い; kara-i;シン;shin
1048;侵;;人;9;S;encroach;おか-す; oka-su;シン;shin
1049;信;;人;9;4;trust;;;シン;shin
1050;津;;水;9;S;haven;つ; tsu;シン;shin
1051;神;神;示;9;3;god;かみ, （かん）, （こう）; kami,  (kan),  (kou);シン, ジン;shin,  jin
1052;唇;;口;10;S;lips;くちびる; kuchibiru;シン;shin
1053;娠;;女;10;S;with child;;;シン;shin
1054;振;;手;10;S;shake;ふ-る, ふ-るう, ふ-れる; fu-ru,  fu-ruu,  fu-reru;シン;shin
1055;浸;;水;10;S;immersed;ひた-す, ひた-る; hita-su,  hita-ru;シン;shin
1056;真;眞;目;10;3;true;ま; ma;シン;shin
1057;針;;金;10;6;needle;はり; hari;シン;shin
1058;深;;水;11;3;deep;ふか-い, ふか-まる, ふか-める; fuka-i,  fuka-maru,  fuka-meru;シン;shin
1059;紳;;糸;11;S;sire;;;シン;shin
1060;進;;辵;11;3;advance;すす-む, すす-める; susu-mu,  susu-meru;シン;shin
1061;森;;木;12;1;forest;もり; mori;シン;shin
1062;診;;言;12;S;checkup;み-る; mi-ru;シン;shin
1063;寝;寢;宀;13;S;lie down;ね-る, ね-かす; ne-ru,  ne-kasu;シン;shin
1064;慎;愼;心;13;S;humility;つつし-む; tsutsushi-mu;シン;shin
1065;新;;斤;13;2;new;あたら-しい, あら-た, にい; atara-shii,  ara-ta,  nii;シン;shin
1066;審;;宀;15;S;examine;;;シン;shin
1067;震;;雨;15;S;quake;ふる-う, ふる-える; furu-u,  furu-eru;シン;shin
1068;薪;;艸;16;S;fuel;たきぎ; takigi;シン;shin
1069;親;;見;16;2;parent;おや, した-しい, した-しむ; oya,  shita-shii,  shita-shimu;シン;shin
1070;人;;人;2;1;person;ひと; hito;ジン, ニン;jin,  nin
1071;刃;;刀;3;S;blade;は; ha;ジン;jin
1072;仁;;人;4;6;humanity;;;ジン, （ニ）;jin,  (ni)
1073;尽;盡;皿;6;S;exhaust;つ-くす, つ-きる, つ-かす; tsu-kusu,  tsu-kiru,  tsu-kasu;ジン;jin
1074;迅;;辵;6;S;swift;;;ジン;jin
1075;甚;;甘;9;S;tremendously;はなは-だ, はなは-だしい; hanaha-da,  hanaha-dashii;ジン;jin
1076;陣;;阜;10;S;camp;;;ジン;jin
1077;尋;;寸;12;S;inquire;たず-ねる; tazu-neru;ジン;jin
1078;腎;;肉;13;S;kidney;;;ジン;jin
1079;須;;頁;12;S;by all means;;;ス;su
1080;図;圖;囗;7;2;diagram;はか-る; haka-ru;ズ, ト;zu,  to
1081;水;;水;4;1;water;みず; mizu;スイ;sui
1082;吹;;口;7;S;blow;ふ-く; fu-ku;スイ;sui
1083;垂;;土;8;6;droop;た-れる, た-らす; ta-reru,  ta-rasu;スイ;sui
1084;炊;;火;8;S;cook;た-く; ta-ku;スイ;sui
1085;帥;;巾;9;S;commander;;;スイ;sui
1086;粋;粹;米;10;S;chic;いき; iki;スイ;sui
1087;衰;;衣;10;S;decline;おとろ-える; otoro-eru;スイ;sui
1088;推;;手;11;6;infer;お-す; o-su;スイ;sui
1089;酔;醉;酉;11;S;drunk;よ-う; yo-u;スイ;sui
1090;遂;;辵;12;S;consummate;と-げる; to-geru;スイ;sui
1091;睡;;目;13;S;drowsy;;;スイ;sui
1092;穂;穗;禾;15;S;ear;ほ; ho;スイ;sui
1093;随;隨;阜;12;S;follow;;;ズイ;zui
1094;髄;髓;骨;19;S;marrow;;;ズイ;zui
1095;枢;樞;木;8;S;hinge;;;スウ;suu
1096;崇;;山;11;S;adore;;;スウ;suu
1097;数;數;攴;13;2;number;かず, かぞ-える; kazu,  kazo-eru;スウ, （ス）;suu,  (su)
1098;据;;手;11;S;set;す-える, す-わる;su-eru,  su-waru;;
1099;杉;;木;7;S;cedar;すぎ;sugi;;
1100;裾;;衣;13;S;cuff;すそ;suso;;
1101;寸;;寸;3;6;measurement;;;スン;sun
1102;瀬;瀨;水;19;S;rapids;せ;se;;
1103;是;;日;9;S;just so;;;ゼ;ze
1104;井;;二;4;4;well;い; i;セイ, （ショウ）;sei,  (shou)
1105;世;;一;5;3;world;よ; yo;セイ, セ;sei,  se
1106;正;;止;5;1;correct;ただ-しい, ただ-す, まさ; tada-shii,  tada-su,  masa;セイ, ショウ;sei,  shou
1107;生;;生;5;1;life;い-きる, い-かす, い-ける, う-まれる, う-む, お-う, は-える, は-やす, き, なま; i-kiru,  i-kasu,  i-keru,  u-mareru,  u-mu,  o-u,  ha-eru,  ha-yasu,  ki,  nama;セイ, ショウ;sei,  shou
1108;成;;戈;6;4;become;な-る, な-す; na-ru,  na-su;セイ, （ジョウ）;sei,  (jou)
1109;西;;襾;6;2;west;にし; nishi;セイ, サイ;sei,  sai
1110;声;聲;耳;7;2;voice;こえ, （こわ）; koe,  (kowa);セイ, （ショウ）;sei,  (shou)
1111;制;;刀;8;5;control;;;セイ;sei
1112;姓;;女;8;S;surname;;;セイ, ショウ;sei,  shou
1113;征;;彳;8;S;subjugate;;;セイ;sei
1114;性;;心;8;5;gender;;;セイ, ショウ;sei,  shou
1115;青;;靑;8;1;blue;あお, あお-い; ao,  ao-i;セイ, （ショウ）;sei,  (shou)
1116;斉;齊;齊;8;S;adjusted;;;セイ;sei
1117;政;;攴;9;5;politics;まつりごと; matsurigoto;セイ, （ショウ）;sei,  (shou)
1118;星;;日;9;2;star;ほし; hoshi;セイ, （ショウ）;sei,  (shou)
1119;牲;;牛;9;S;animal sacrifice;;;セイ;sei
1120;省;;目;9;4;government ministry;かえり-みる, はぶ-く; kaeri-miru,  habu-ku;セイ, ショウ;sei,  shou
1121;凄;;冫;10;S;uncanny;;;セイ;sei
1122;逝;;辵;10;S;departed;ゆ-く, い-く; yu-ku,  i-ku;セイ;sei
1123;清;;水;11;4;pure;きよ-い, きよ-まる, きよ-める; kiyo-i,  kiyo-maru,  kiyo-meru;セイ, （ショウ）;sei,  (shou)
1124;盛;;皿;11;6;prosper;も-る, さか-る, さか-ん; mo-ru,  saka-ru,  saka-n;セイ, （ジョウ）;sei,  (jou)
1125;婿;;女;12;S;bridegroom;むこ; muko;セイ;sei
1126;晴;;日;12;2;clear up;は-れる, は-らす; ha-reru,  ha-rasu;セイ;sei
1127;勢;;力;13;5;power;いきお-い; ikio-i;セイ;sei
1128;聖;;耳;13;6;holy;;;セイ;sei
1129;誠;;言;13;6;sincerity;まこと; makoto;セイ;sei
1130;精;;米;14;5;refined;;;セイ, （ショウ）;sei,  (shou)
1131;製;;衣;14;5;manufacture;;;セイ;sei
1132;誓;;言;14;S;vow;ちか-う; chika-u;セイ;sei
1133;静;靜;靑;14;4;quiet;しず, しず-か, しず-まる, しず-める; shizu,  shizu-ka,  shizu-maru,  shizu-meru;セイ, （ジョウ）;sei,  (jou)
1134;請;;言;15;S;solicit;こ-う, う-ける; ko-u,  u-keru;セイ, （シン）;sei,  (shin)
1135;整;;攴;16;3;put in order;ととの-える, ととの-う; totono-eru,  totono-u;セイ;sei
1136;醒;;酉;16;S;be disillusioned;;;セイ;sei
1137;税;;禾;12;5;tax;;;ゼイ;zei
1138;夕;;夕;3;1;evening;ゆう; yuu;セキ;seki
1139;斥;;斤;5;S;reject;;;セキ;seki
1140;石;;石;5;1;stone;いし; ishi;セキ, （シャク）, （コク）;seki,  (shaku),  (koku)
1141;赤;;赤;7;1;red;あか, あか-い, あか-らむ, あか-らめる; aka,  aka-i,  aka-ramu,  aka-rameru;セキ, （シャク）;seki,  (shaku)
1142;昔;;日;8;3;long ago;むかし; mukashi;セキ, （シャク）;seki,  (shaku)
1143;析;;木;8;S;chop;;;セキ;seki
1144;席;;巾;10;4;seat;;;セキ;seki
1145;脊;;肉;10;S;stature;;;セキ;seki
1146;隻;;隹;10;S;vessels;;;セキ;seki
1147;惜;;心;11;S;pity;お-しい, お-しむ; o-shii,  o-shimu;セキ;seki
1148;戚;;戈;11;S;grieve;;;セキ;seki
1149;責;;貝;11;5;blame;せ-める; se-meru;セキ;seki
1150;跡;;足;13;S;tracks;あと; ato;セキ;seki
1151;積;;禾;16;4;accumulate;つ-む, つ-もる; tsu-mu,  tsu-moru;セキ;seki
1152;績;;糸;17;5;exploits;;;セキ;seki
1153;籍;;竹;20;S;enroll;;;セキ;seki
1154;切;;刀;4;2;cut;き-る, き-れる; ki-ru,  ki-reru;セツ, （サイ）;setsu,  (sai)
1155;折;;手;7;4;fold;お-る, おり, お-れる; o-ru,  ori,  o-reru;セツ;setsu
1156;拙;;手;8;S;bungling;つたな-い; tsutana-i;セツ;setsu
1157;窃;竊;穴;9;S;stealth;;;セツ;setsu
1158;接;;手;11;5;contact;つ-ぐ; tsu-gu;セツ;setsu
1159;設;;言;11;5;establish;もう-ける; mou-keru;セツ;setsu
1160;雪;;雨;11;2;snow;ゆき; yuki;セツ;setsu
1161;摂;攝;手;13;S;vicarious;;;セツ;setsu
1162;節;節;竹;13;4;node;ふし; fushi;セツ, （セチ）;setsu,  (sechi)
1163;説;;言;14;4;theory;と-く; to-ku;セツ, （ゼイ）;setsu,  (zei)
1164;舌;;舌;6;6;tongue;した; shita;ゼツ;zetsu
1165;絶;絕;糸;12;5;discontinue;た-える, た-やす, た-つ; ta-eru,  ta-yasu,  ta-tsu;ゼツ;zetsu
1166;千;;十;3;1;thousand;ち; chi;セン;sen
1167;川;;巛;3;1;river;かわ; kawa;セン;sen
1168;仙;;人;5;S;hermit;;;セン;sen
1169;占;;卜;5;S;fortune telling;し-める, うらな-う; shi-meru,  urana-u;セン;sen
1170;先;;儿;6;1;previous;さき; saki;セン;sen
1171;宣;;宀;9;6;proclaim;;;セン;sen
1172;専;專;寸;9;6;specialty;もっぱ-ら; moppa-ra;セン;sen
1173;泉;;水;9;6;spring;いずみ; izumi;セン;sen
1174;浅;淺;水;9;4;shallow;あさ-い; asa-i;セン;sen
1175;洗;;水;9;6;wash;あら-う; ara-u;セン;sen
1176;染;;木;9;6;dye;そ-める, そ-まる, し-みる, し-み; so-meru,  so-maru,  shi-miru,  shi-mi;セン;sen
1177;扇;;戶;10;S;fan;おうぎ; ougi;セン;sen
1178;栓;;木;10;S;plug;;;セン;sen
1179;旋;;方;11;S;rotation;;;セン;sen
1180;船;;舟;11;2;boat;ふね, （ふな）; fune,  (funa);セン;sen
1181;戦;戰;戈;13;4;war;いくさ, たたか-う; ikusa,  tataka-u;セン;sen
1182;煎;;火;13;S;broil;い-る; i-ru;セン;sen
1183;羨;;羊;13;S;envy;うらや-む, うらや-ましい; uraya-mu,  uraya-mashii;セン;sen
1184;腺;;肉;13;S;gland;;;セン;sen
1185;詮;;言;13;S;discussion;;;セン;sen
1186;践;踐;足;13;S;tread;;;セン;sen
1187;箋;;竹;14;S;paper;;;セン;sen
1188;銭;錢;金;14;6;coin;ぜに; zeni;セン;sen
1189;潜;潛;水;15;S;submerge;ひそ-む, もぐ-る; hiso-mu,  mogu-ru;セン;sen
1190;線;;糸;15;2;line;;;セン;sen
1191;遷;;辵;15;S;transition;;;セン;sen
1192;選;;辵;15;4;choose;えら-ぶ; era-bu;セン;sen
1193;薦;;艸;16;S;recommend;すす-める; susu-meru;セン;sen
1194;繊;纖;糸;17;S;slender;;;セン;sen
1195;鮮;;魚;17;S;fresh;あざ-やか; aza-yaka;セン;sen
1196;全;;入;6;3;whole;まった-く, すべ-て; matta-ku,  sube-te;ゼン;zen
1197;前;;刀;9;2;in front;まえ; mae;ゼン;zen
1198;善;;口;12;6;good;よ-い; yo-i;ゼン;zen
1199;然;;火;12;4;so;;;ゼン, ネン;zen,  nen
1200;禅;禪;示;13;S;Zen;;;ゼン;zen
1201;漸;;水;14;S;steadily;;;ゼン;zen
1202;膳;;肉;16;S;tray;;;ゼン;zen
1203;繕;;糸;18;S;darning;つくろ-う; tsukuro-u;ゼン;zen
1204;狙;;犬;8;S;aim at;ねら-う; nera-u;ソ;so
1205;阻;;阜;8;S;thwart;はば-む; haba-mu;ソ;so
1206;祖;祖;示;9;5;ancestor;;;ソ;so
1207;租;;禾;10;S;tariff;;;ソ;so
1208;素;;糸;10;5;elementary;;;ソ, ス;so,  su
1209;措;;手;11;S;set aside;;;ソ;so
1210;粗;;米;11;S;coarse;あら-い; ara-i;ソ;so
1211;組;;糸;11;2;association;く-む, くみ; ku-mu,  kumi;ソ;so
1212;疎;;疋;12;S;alienate;うと-い, うと-む; uto-i,  uto-mu;ソ;so
1213;訴;;言;12;S;sue;うった-える; utta-eru;ソ;so
1214;塑;;土;13;S;model;;;ソ;so
1215;遡;;辵;14;S;go upstream;さかのぼ-る; sakanobo-ru;ソ;so
1216;礎;;石;18;S;cornerstone;いしずえ; ishizue;ソ;so
1217;双;雙;隹;4;S;pair;ふた; futa;ソウ;sou
1218;壮;壯;士;6;S;robust;;;ソウ;sou
1219;早;;日;6;1;early;はや-い, はや-まる, はや-める; haya-i,  haya-maru,  haya-meru;ソウ, （サッ）;sou,  (sa')
1220;争;爭;爪;6;4;conflict;あらそ-う; araso-u;ソウ;sou
1221;走;;走;7;2;run;はし-る; hashi-ru;ソウ;sou
1222;奏;;大;9;6;play music;かな-でる; kana-deru;ソウ;sou
1223;相;;目;9;3;mutual;あい; ai;ソウ, ショウ;sou,  shou
1224;荘;莊;艸;9;S;villa;;;ソウ;sou
1225;草;;艸;9;1;grass;くさ; kusa;ソウ;sou
1226;送;;辵;9;3;send;おく-る; oku-ru;ソウ;sou
1227;倉;;人;10;4;warehouse;くら; kura;ソウ;sou
1228;捜;搜;手;10;S;search;さが-す; saga-su;ソウ;sou
1229;挿;插;手;10;S;insert;さ-す; sa-su;ソウ;sou
1230;桑;;木;10;S;mulberry;くわ; kuwa;ソウ;sou
1231;巣;巢;巛;11;4;nest;す; su;ソウ;sou
1232;掃;;手;11;S;sweep;は-く; ha-ku;ソウ;sou
1233;曹;;曰;11;S;cadet;;;ソウ;sou
1234;曽;曾;曰;11;S;formerly;;;ソウ, （ゾ）;sou,  (zo)
1235;爽;;爻;11;S;refreshing;さわ-やか; sawa-yaka;ソウ;sou
1236;窓;;穴;11;6;window;まど; mado;ソウ;sou
1237;創;;刀;12;6;create;つく-る; tsuku-ru;ソウ;sou
1238;喪;;口;12;S;miss;も; mo;ソウ;sou
1239;痩;瘦;疒;12;S;get thin;や-せる; ya-seru;ソウ;sou
1240;葬;;艸;12;S;interment;ほうむ-る; houmu-ru;ソウ;sou
1241;装;裝;衣;12;6;attire;よそお-う; yosoo-u;ソウ, ショウ;sou,  shou
1242;僧;僧;人;13;S;Buddhist priest;;;ソウ;sou
1243;想;;心;13;3;concept;;;ソウ, （ソ）;sou,  (so)
1244;層;層;尸;14;6;stratum;;;ソウ;sou
1245;総;總;糸;14;5;whole;;;ソウ;sou
1246;遭;;辵;14;S;encounter;あ-う; a-u;ソウ;sou
1247;槽;;木;15;S;vat;;;ソウ;sou
1248;踪;;足;15;S;remains;;;ソウ;sou
1249;操;;手;16;6;maneuver;みさお, あやつ-る; misao,  ayatsu-ru;ソウ;sou
1250;燥;;火;17;S;parch;;;ソウ;sou
1251;霜;;雨;17;S;frost;しも; shimo;ソウ;sou
1252;騒;騷;馬;18;S;boisterous;さわ-ぐ; sawa-gu;ソウ;sou
1253;藻;;艸;19;S;seaweed;も; mo;ソウ;sou
1254;造;;辵;10;5;create;つく-る; tsuku-ru;ゾウ;zou
1255;像;;人;14;5;statue;;;ゾウ;zou
1256;増;增;土;14;5;increase;ま-す, ふ-える, ふ-やす; ma-su,  fu-eru,  fu-yasu;ゾウ;zou
1257;憎;憎;心;14;S;hate;にく-む, にく-い, にく-らしい, にく-しみ; niku-mu,  niku-i,  niku-rashii,  niku-shimi;ゾウ;zou
1258;蔵;藏;艸;15;6;warehouse;くら; kura;ゾウ;zou
1259;贈;贈;貝;18;S;presents;おく-る; oku-ru;ゾウ, （ソウ）;zou,  (sou)
1260;臓;臟;肉;19;6;entrails;;;ゾウ;zou
1261;即;卽;卩;7;S;instant;;;ソク;soku
1262;束;;木;7;4;bundle;たば; taba;ソク;soku
1263;足;;足;7;1;foot;あし, た-りる, た-る, た-す; ashi,  ta-riru,  ta-ru,  ta-su;ソク;soku
1264;促;;人;9;S;stimulate;うなが-す; unaga-su;ソク;soku
1265;則;;刀;9;5;rule;;;ソク;soku
1266;息;;心;10;3;breath;いき; iki;ソク;soku
1267;捉;;手;10;S;capture;とら-える; tora-eru;ソク;soku
1268;速;;辵;10;3;fast;はや-い, はや-める, はや-まる, すみ-やか; haya-i,  haya-meru,  haya-maru,  sumi-yaka;ソク;soku
1269;側;;人;11;4;side;がわ; gawa;ソク;soku
1270;測;;水;12;5;fathom;はか-る; haka-ru;ソク;soku
1271;俗;;人;9;S;vulgar;;;ゾク;zoku
1272;族;;方;11;3;tribe;;;ゾク;zoku
1273;属;屬;尸;12;5;belong;;;ゾク;zoku
1274;賊;;貝;13;S;burglar;;;ゾク;zoku
1275;続;續;糸;13;4;continue;つづ-く, つづ-ける; tsuzu-ku,  tsuzu-keru;ゾク;zoku
1276;卒;;十;8;4;graduate;;;ソツ;sotsu
1277;率;;玄;11;5;rate;ひき-いる; hiki-iru;ソツ, リツ;sotsu,  ritsu
1278;存;;子;6;6;suppose;;;ソン, ゾン;son,  zon
1279;村;;木;7;1;village;むら; mura;ソン;son
1280;孫;;子;10;4;grandchild;まご; mago;ソン;son
1281;尊;;寸;12;6;revered;たっと-い, とうと-い, たっと-ぶ, とうと-ぶ; tatto-i,  touto-i,  tatto-bu,  touto-bu;ソン;son
1282;損;;手;13;5;loss;そこ-なう, そこ-ねる; soko-nau,  soko-neru;ソン;son
1283;遜;;辵;14;S;humble;;;ソン;son
1284;他;;人;5;3;other;ほか; hoka;タ;ta
1285;多;;夕;6;2;many;おお-い; oo-i;タ;ta
1286;汰;;水;7;S;luxury;;;タ;ta
1287;打;;手;5;3;hit;う-つ; u-tsu;ダ;da
1288;妥;;女;7;S;gentle;;;ダ;da
1289;唾;;口;11;S;saliva;つば; tsuba;ダ;da
1290;堕;墮;土;12;S;degenerate;;;ダ;da
1291;惰;;心;12;S;lazy;;;ダ;da
1292;駄;;馬;14;S;burdensome;;;ダ;da
1293;太;;大;4;2;thick;ふと-い, ふと-る; futo-i,  futo-ru;タイ, タ;tai,  ta
1294;対;對;寸;7;3;opposite;;;タイ, ツイ;tai,  tsui
1295;体;體;骨;7;2;body;からだ; karada;タイ, テイ;tai,  tei
1296;耐;;而;9;S;resistant;た-える; ta-eru;タイ;tai
1297;待;;彳;9;3;wait;ま-つ; ma-tsu;タイ;tai
1298;怠;;心;9;S;neglect;おこた-る, なま-ける; okota-ru,  nama-keru;タイ;tai
1299;胎;;肉;9;S;womb;;;タイ;tai
1300;退;;辵;9;6;retreat;しりぞ-く, しりぞ-ける; shirizo-ku,  shirizo-keru;タイ;tai
1301;帯;帶;巾;10;4;sash;お-びる, おび; o-biru,  obi;タイ;tai
1302;泰;;水;10;S;peaceful;;;タイ;tai
1303;堆;;土;11;S;piled high;;;タイ;tai
1304;袋;;衣;11;S;sack;ふくろ; fukuro;タイ;tai
1305;逮;;辵;11;S;apprehend;;;タイ;tai
1306;替;;曰;12;S;exchange;か-える, か-わる; ka-eru,  ka-waru;タイ;tai
1307;貸;;貝;12;5;lend;か-す; ka-su;タイ;tai
1308;隊;;阜;12;4;group;;;タイ;tai
1309;滞;滯;水;13;S;stagnate;とどこお-る; todokoo-ru;タイ;tai
1310;態;;心;14;5;condition;;;タイ;tai
1311;戴;;戈;17;S;be crowned with;;;タイ;tai
1312;大;;大;3;1;large;おお, おお-きい, おお-いに; oo,  oo-kii,  oo-ini;ダイ, タイ;dai,  tai
1313;代;;人;5;3;substitute;か-わる, か-える, よ, しろ; ka-waru,  ka-eru,  yo,  shiro;ダイ, タイ;dai,  tai
1314;台;臺;至;5;2;pedestal;;;ダイ, タイ;dai,  tai
1315;第;;竹;11;3;ordinal number prefix;;;ダイ;dai
1316;題;;頁;18;3;topic;;;ダイ;dai
1317;滝;瀧;水;13;S;waterfall;たき;taki;;
1318;宅;;宀;6;6;home;;;タク;taku
1319;択;擇;手;7;S;choose;;;タク;taku
1320;沢;澤;水;7;S;swamp;さわ; sawa;タク;taku
1321;卓;;十;8;S;eminent;;;タク;taku
1322;拓;;手;8;S;clear (the land);;;タク;taku
1323;託;;言;10;S;consign;;;タク;taku
1324;濯;;水;17;S;laundry;;;タク;taku
1325;諾;;言;15;S;consent;;;ダク;daku
1326;濁;;水;16;S;voiced;にご-る, にご-す; nigo-ru,  nigo-su;ダク;daku
1327;但;;人;7;S;however;ただ-し;tada-shi;;
1328;達;;辵;12;4;attain;;;タツ;tatsu
1329;脱;;肉;11;S;undress;ぬ-ぐ, ぬ-げる; nu-gu,  nu-geru;ダツ;datsu
1330;奪;;大;14;S;rob;うば-う; uba-u;ダツ;datsu
1331;棚;;木;12;S;shelf;たな;tana;;
1332;誰;;言;15;S;who (question word);だれ;dare;;
1333;丹;;丶;4;S;cinnabar;;;タン;tan
1334;旦;;日;5;S;daybreak;;;タン, ダン;tan,  dan
1335;担;擔;手;8;6;shouldering;かつ-ぐ, にな-う; katsu-gu,  nina-u;タン;tan
1336;単;單;口;9;4;simple;;;タン;tan
1337;炭;;火;9;3;charcoal;すみ; sumi;タン;tan
1338;胆;膽;肉;9;S;gall bladder;;;タン;tan
1339;探;;手;11;6;grope;さぐ-る, さが-す; sagu-ru,  saga-su;タン;tan
1340;淡;;水;11;S;thin;あわ-い; awa-i;タン;tan
1341;短;;矢;12;3;short;みじか-い; mijika-i;タン;tan
1342;嘆;嘆;口;13;S;sigh;なげ-く, なげ-かわしい; nage-ku,  nage-kawashii;タン;tan
1343;端;;立;14;S;edge;はし, は, はた; hashi,  ha,  hata;タン;tan
1344;綻;;糸;14;S;rip;ほころ-びる; hokoro-biru;タン;tan
1345;誕;;言;15;6;nativity;;;タン;tan
1346;鍛;;金;17;S;forge;きた-える; kita-eru;タン;tan
1347;団;團;囗;6;5;group;;;ダン, （トン）;dan,  (ton)
1348;男;;田;7;1;male;おとこ; otoko;ダン, ナン;dan,  nan
1349;段;;殳;9;6;steps;;;ダン;dan
1350;断;斷;斤;11;5;cut off;た-つ, ことわ-る; ta-tsu,  kotowa-ru;ダン;dan
1351;弾;彈;弓;12;S;bullet;ひ-く, はず-む, たま; hi-ku,  hazu-mu,  tama;ダン;dan
1352;暖;;日;13;6;warmth;あたた-か, あたた-かい, あたた-まる, あたた-める; atata-ka,  atata-kai,  atata-maru,  atata-meru;ダン;dan
1353;談;;言;15;3;discuss;;;ダン;dan
1354;壇;;土;16;S;podium;;;ダン, （タン）;dan,  (tan)
1355;地;;土;6;2;ground;;;チ, ジ;chi,  ji
1356;池;;水;6;2;pond;いけ; ike;チ;chi
1357;知;;矢;8;2;know;し-る; shi-ru;チ;chi
1358;値;;人;10;6;value;ね, あたい; ne,  atai;チ;chi
1359;恥;;心;10;S;shame;は-じる, はじ, は-じらう, は-ずかしい; ha-jiru,  haji,  ha-jirau,  ha-zukashii;チ;chi
1360;致;;至;10;S;(to) do;いた-す; ita-su;チ;chi
1361;遅;遲;辵;12;S;slow;おく-れる, おく-らす, おそ-い; oku-reru,  oku-rasu,  oso-i;チ;chi
1362;痴;癡;疒;13;S;stupid;;;チ;chi
1363;稚;;禾;13;S;immature;;;チ;chi
1364;置;;网;13;4;put;お-く; o-ku;チ;chi
1365;緻;;糸;16;S;fine (not coarse);;;チ;chi
1366;竹;;竹;6;1;bamboo;たけ; take;チク;chiku
1367;畜;;田;10;S;livestock;;;チク;chiku
1368;逐;;辵;10;S;pursue;;;チク;chiku
1369;蓄;;艸;13;S;amass;たくわ-える; takuwa-eru;チク;chiku
1370;築;;竹;16;5;fabricate;きず-く; kizu-ku;チク;chiku
1371;秩;;禾;10;S;regularity;;;チツ;chitsu
1372;窒;;穴;11;S;plug up;;;チツ;chitsu
1373;茶;;艸;9;2;tea;;;チャ, サ;cha,  sa
1374;着;;羊;12;3;wear;き-る, き-せる, つ-く, つ-ける; ki-ru,  ki-seru,  tsu-ku,  tsu-keru;チャク, （ジャク）;chaku,  (jaku)
1375;嫡;;女;14;S;legitimate wife;;;チャク;chaku
1376;中;;丨;4;1;middle;なか; naka;チュウ, （ジュウ）;chuu,  (juu)
1377;仲;;人;6;4;relationship;なか; naka;チュウ;chuu
1378;虫;蟲;虫;6;1;insect;むし; mushi;チュウ;chuu
1379;沖;;水;7;4;open sea;おき; oki;チュウ;chuu
1380;宙;;宀;8;6;mid-air;;;チュウ;chuu
1381;忠;;心;8;6;loyalty;;;チュウ;chuu
1382;抽;;手;8;S;pluck;;;チュウ;chuu
1383;注;;水;8;3;pour;そそ-ぐ; soso-gu;チュウ;chuu
1384;昼;晝;日;9;2;daytime;ひる; hiru;チュウ;chuu
1385;柱;;木;9;3;pillar;はしら; hashira;チュウ;chuu
1386;衷;;衣;10;S;inmost;;;チュウ;chuu
1387;酎;;酉;10;S;sake;;;チュウ;chuu
1388;鋳;鑄;金;15;S;casting;い-る; i-ru;チュウ;chuu
1389;駐;;馬;15;S;stop-over;;;チュウ;chuu
1390;著;著;艸;11;6;renowned;あらわ-す, いちじる-しい; arawa-su,  ichijiru-shii;チョ;cho
1391;貯;;貝;12;5;savings;;;チョ;cho
1392;丁;;一;2;3;ward;;;チョウ, テイ;chou,  tei
1393;弔;;弓;4;S;condolences;とむら-う; tomura-u;チョウ;chou
1394;庁;廳;广;5;6;government office;;;チョウ;chou
1395;兆;;儿;6;4;portent, trillion;きざ-す, きざ-し; kiza-su,  kiza-shi;チョウ;chou
1396;町;;田;7;1;town;まち; machi;チョウ;chou
1397;長;;長;8;2;long;なが-い; naga-i;チョウ;chou
1398;挑;;手;9;S;challenge;いど-む; ido-mu;チョウ;chou
1399;帳;;巾;11;3;account book;;;チョウ;chou
1400;張;;弓;11;5;stretch;は-る; ha-ru;チョウ;chou
1401;彫;;彡;11;S;carve;ほ-る; ho-ru;チョウ;chou
1402;眺;;目;11;S;stare;なが-める; naga-meru;チョウ;chou
1403;釣;;金;11;S;angling;つ-る; tsu-ru;チョウ;chou
1404;頂;;頁;11;6;place on the head;いただ-く, いただき; itada-ku,  itadaki;チョウ;chou
1405;鳥;;鳥;11;2;bird;とり; tori;チョウ;chou
1406;朝;;月;12;2;morning;あさ; asa;チョウ;chou
1407;貼;;貝;12;S;paste;は-る; ha-ru;チョウ;chou
1408;超;;走;12;S;transcend;こ-える, こ-す; ko-eru,  ko-su;チョウ;chou
1409;腸;;肉;13;6;intestines;;;チョウ;chou
1410;跳;;足;13;S;hop;は-ねる, と-ぶ; ha-neru,  to-bu;チョウ;chou
1411;徴;徵;彳;14;S;indications;;;チョウ;chou
1412;嘲;;口;15;S;ridicule;あざけ-る; azake-ru;チョウ;chou
1413;潮;;水;15;6;tide;しお; shio;チョウ;chou
1414;澄;;水;15;S;lucidity;す-む, す-ます; su-mu,  su-masu;チョウ;chou
1415;調;;言;15;3;investigate;しら-べる, ととの-う, ととの-える; shira-beru,  totono-u,  totono-eru;チョウ;chou
1416;聴;聽;耳;17;S;listen;き-く; ki-ku;チョウ;chou
1417;懲;懲;心;18;S;penal;こ-りる, こ-らす, こ-らしめる; ko-riru,  ko-rasu,  ko-rashimeru;チョウ;chou
1418;直;;目;8;2;straight;ただ-ちに, なお-す, なお-る; tada-chini,  nao-su,  nao-ru;チョク, ジキ;choku,  jiki
1419;勅;敕;力;9;S;imperial order;;;チョク;choku
1420;捗;;手;10;S;make progress;;;チョク;choku
1421;沈;;水;7;S;sink;しず-む, しず-める; shizu-mu,  shizu-meru;チン;chin
1422;珍;;玉;9;S;rare;めずら-しい; mezura-shii;チン;chin
1423;朕;;月;10;S;majestic plural;;;チン;chin
1424;陳;;阜;11;S;exhibit;;;チン;chin
1425;賃;;貝;13;6;fare;;;チン;chin
1426;鎮;鎭;金;18;S;tranquilize;しず-める, しず-まる; shizu-meru,  shizu-maru;チン;chin
1427;追;;辵;9;3;follow;お-う; o-u;ツイ;tsui
1428;椎;;木;12;S;oak;;;ツイ;tsui
1429;墜;;土;15;S;crash;;;ツイ;tsui
1430;通;;辵;10;2;pass through;とお-る, とお-す, かよ-う; too-ru,  too-su,  kayo-u;ツウ, （ツ）;tsuu,  (tsu)
1431;痛;;疒;12;6;pain;いた-い, いた-む, いた-める; ita-i,  ita-mu,  ita-meru;ツウ;tsuu
1432;塚;塚;土;12;S;hillock;つか;tsuka;;
1433;漬;;水;14;S;pickling;つ-ける, つ-かる;tsu-keru,  tsu-karu;;
1434;坪;;土;8;S;two-mat area;つぼ;tsubo;;
1435;爪;;爪;4;S;claw;つめ, （つま）;tsume,  (tsuma);;
1436;鶴;;鳥;21;S;crane;つる;tsuru;;
1437;低;;人;7;4;low;ひく-い, ひく-める, ひく-まる; hiku-i,  hiku-meru,  hiku-maru;テイ;tei
1438;呈;;口;7;S;display;;;テイ;tei
1439;廷;;廴;7;S;courts;;;テイ;tei
1440;弟;;弓;7;2;younger brother;おとうと; otouto;テイ, （ダイ）, （デ）;tei,  (dai),  (de)
1441;定;;宀;8;3;decide;さだ-める, さだ-まる, さだ-か; sada-meru,  sada-maru,  sada-ka;テイ, ジョウ;tei,  jou
1442;底;;广;8;4;bottom;そこ; soko;テイ;tei
1443;抵;;手;8;S;resist;;;テイ;tei
1444;邸;;邑;8;S;residence;;;テイ;tei
1445;亭;;亠;9;S;pavilion;;;テイ;tei
1446;貞;;貝;9;S;upright;;;テイ;tei
1447;帝;;巾;9;S;sovereign;;;テイ;tei
1448;訂;;言;9;S;revise;;;テイ;tei
1449;庭;;广;10;3;garden;にわ; niwa;テイ;tei
1450;逓;遞;辵;10;S;relay;;;テイ;tei
1451;停;;人;11;5;halt;;;テイ;tei
1452;偵;;人;11;S;spy;;;テイ;tei
1453;堤;;土;12;S;dike;つつみ; tsutsumi;テイ;tei
1454;提;;手;12;5;present;さ-げる; sa-geru;テイ;tei
1455;程;;禾;12;5;extent;ほど; hodo;テイ;tei
1456;艇;;舟;13;S;rowboat;;;テイ;tei
1457;締;;糸;15;S;tighten;し-まる, し-める; shi-maru,  shi-meru;テイ;tei
1458;諦;;言;16;S;abandon;あきら-める; akira-meru;テイ;tei
1459;泥;;水;8;S;mud;どろ; doro;デイ;dei
1460;的;;白;8;4;target;まと; mato;テキ;teki
1461;笛;;竹;11;3;flute;ふえ; fue;テキ;teki
1462;摘;;手;14;S;pinch;つ-む; tsu-mu;テキ;teki
1463;滴;;水;14;S;drip;しずく, したた-る; shizuku,  shitata-ru;テキ;teki
1464;適;;辵;14;5;suitable;;;テキ;teki
1465;敵;;攴;15;6;enemy;かたき; kataki;テキ;teki
1466;溺;;水;13;S;drown;おぼ-れる; obo-reru;デキ;deki
1467;迭;;辵;8;S;transfer;;;テツ;tetsu
1468;哲;;口;10;S;philosophy;;;テツ;tetsu
1469;鉄;鐵;金;13;3;iron;;;テツ;tetsu
1470;徹;;彳;15;S;penetrate;;;テツ;tetsu
1471;撤;;手;15;S;remove;;;テツ;tetsu
1472;天;;大;4;1;heaven;あめ, （あま）; ame,  (ama);テン;ten
1473;典;;八;8;4;code;;;テン;ten
1474;店;;广;8;2;shop;みせ; mise;テン;ten
1475;点;點;黑;9;2;point;;;テン;ten
1476;展;;尸;10;6;expand;;;テン;ten
1477;添;;水;11;S;annexed;そ-える, そ-う; so-eru,  so-u;テン;ten
1478;転;轉;車;11;3;revolve;ころ-がる, ころ-げる, ころ-がす, ころ-ぶ; koro-garu,  koro-geru,  koro-gasu,  koro-bu;テン;ten
1479;塡;;土;13;S;fill in;;;テン;ten
1480;田;;田;5;1;rice paddy;た; ta;デン;den
1481;伝;傳;人;6;4;transmit;つた-わる, つた-える, つた-う; tsuta-waru,  tsuta-eru,  tsuta-u;デン;den
1482;殿;;殳;13;S;Mr.;との, どの; tono,  dono;デン, テン;den,  ten
1483;電;;雨;13;2;electricity;;;デン;den
1484;斗;;斗;4;S;Big Dipper;;;ト;to
1485;吐;;口;6;S;spit;は-く; ha-ku;ト;to
1486;妬;;女;8;S;jealousy;ねた-む; neta-mu;ト;to
1487;徒;;彳;10;4;junior;;;ト;to
1488;途;;辵;10;S;route;;;ト;to
1489;都;都;邑;11;3;metropolis;みやこ; miyako;ト, ツ;to,  tsu
1490;渡;;水;12;S;transit;わた-る, わた-す; wata-ru,  wata-su;ト;to
1491;塗;;土;13;S;paint;ぬ-る; nu-ru;ト;to
1492;賭;;貝;16;S;gamble;か-ける; ka-keru;ト;to
1493;土;;土;3;1;soil;つち; tsuchi;ド, ト;do,  to
1494;奴;;女;5;S;guy;;;ド;do
1495;努;;力;7;4;toil;つと-める; tsuto-meru;ド;do
1496;度;;广;9;3;degrees;たび; tabi;ド, （ト）, （タク）;do,  (to),  (taku)
1497;怒;;心;9;S;angry;いか-る, おこ-る; ika-ru,  oko-ru;ド;do
1498;刀;;刀;2;2;sword;かたな; katana;トウ;tou
1499;冬;;冫;5;2;winter;ふゆ; fuyu;トウ;tou
1500;灯;燈;火;6;4;lamp;ひ; hi;トウ;tou
1501;当;當;田;6;2;hit;あ-たる, あ-てる; a-taru,  a-teru;トウ;tou
1502;投;;手;7;3;throw;な-げる; na-geru;トウ;tou
1503;豆;;豆;7;3;beans;まめ; mame;トウ, （ズ）;tou,  (zu)
1504;東;;木;8;2;east;ひがし; higashi;トウ;tou
1505;到;;刀;8;S;arrival;;;トウ;tou
1506;逃;;辵;9;S;escape;に-げる, に-がす, のが-す, のが-れる; ni-geru,  ni-gasu,  noga-su,  noga-reru;トウ;tou
1507;倒;;人;10;S;overthrow;たお-れる, たお-す; tao-reru,  tao-su;トウ;tou
1508;凍;;冫;10;S;frozen;こお-る, こご-える; koo-ru,  kogo-eru;トウ;tou
1509;唐;;口;10;S;T'ang;から; kara;トウ;tou
1510;島;;山;10;3;island;しま; shima;トウ;tou
1511;桃;;木;10;S;peach tree;もも; momo;トウ;tou
1512;討;;言;10;6;chastise;う-つ; u-tsu;トウ;tou
1513;透;;辵;10;S;transparent;す-く, す-かす, す-ける; su-ku,  su-kasu,  su-keru;トウ;tou
1514;党;黨;黑;10;6;group;;;トウ;tou
1515;悼;;心;11;S;lament;いた-む; ita-mu;トウ;tou
1516;盗;盜;皿;11;S;steal;ぬす-む; nusu-mu;トウ;tou
1517;陶;;阜;11;S;pottery;;;トウ;tou
1518;塔;;土;12;S;pagoda;;;トウ;tou
1519;搭;;手;12;S;board;;;トウ;tou
1520;棟;;木;12;S;ridgepole;むね, （むな）; mune,  (muna);トウ;tou
1521;湯;;水;12;3;hot water;ゆ; yu;トウ;tou
1522;痘;;疒;12;S;pox;;;トウ;tou
1523;登;;癶;12;3;climb;のぼ-る; nobo-ru;トウ, ト;tou,  to
1524;答;;竹;12;2;answer;こた-える, こた-え; kota-eru,  kota-e;トウ;tou
1525;等;;竹;12;3;class;ひと-しい; hito-shii;トウ;tou
1526;筒;;竹;12;S;cylinder;つつ; tsutsu;トウ;tou
1527;統;;糸;12;5;unite;す-べる; su-beru;トウ;tou
1528;稲;稻;禾;14;S;rice plant;いね, （いな）; ine,  (ina);トウ;tou
1529;踏;;足;15;S;step;ふ-む, ふ-まえる; fu-mu,  fu-maeru;トウ;tou
1530;糖;;米;16;6;sugar;;;トウ;tou
1531;頭;;頁;16;2;head;あたま, かしら; atama,  kashira;トウ, ズ, （ト）;tou,  zu,  (to)
1532;謄;;言;17;S;mimeograph;;;トウ;tou
1533;藤;;艸;18;S;wisteria;ふじ; fuji;トウ;tou
1534;闘;鬭;鬥;18;S;fight;たたか-う; tataka-u;トウ;tou
1535;騰;;馬;20;S;inflation;;;トウ;tou
1536;同;;口;6;2;same;おな-じ; ona-ji;ドウ;dou
1537;洞;;水;9;S;den;ほら; hora;ドウ;dou
1538;胴;;肉;10;S;trunk;;;ドウ;dou
1539;動;;力;11;3;move;うご-く, うご-かす; ugo-ku,  ugo-kasu;ドウ;dou
1540;堂;;土;11;5;public chamber;;;ドウ;dou
1541;童;;立;12;3;juvenile;わらべ; warabe;ドウ;dou
1542;道;;辵;12;2;road;みち; michi;ドウ, （トウ）;dou,  (tou)
1543;働;;人;13;4;work;はたら-く; hatara-ku;ドウ;dou
1544;銅;;金;14;5;copper;;;ドウ;dou
1545;導;;寸;15;5;guide;みちび-く; michibi-ku;ドウ;dou
1546;瞳;;目;17;S;pupil;ひとみ; hitomi;ドウ;dou
1547;峠;;山;9;S;mountain peak;とうげ;touge;;
1548;匿;;匸;10;S;hide;;;トク;toku
1549;特;;牛;10;4;special;;;トク;toku
1550;得;;彳;11;5;acquire;え-る, う-る; e-ru,  u-ru;トク;toku
1551;督;;目;13;S;coach;;;トク;toku
1552;徳;德;彳;14;4;benevolence;;;トク;toku
1553;篤;;竹;16;S;fervent;;;トク;toku
1554;毒;;毋;8;5;poison;;;ドク;doku
1555;独;獨;犬;9;5;alone;ひと-り; hito-ri;ドク;doku
1556;読;讀;言;14;2;read;よ-む; yo-mu;ドク, トク, （トウ）;doku,  toku,  (tou)
1557;栃;;木;9;4;horse chestnut;（とち）;(tochi);;
1558;凸;;凵;5;S;convex;;;トツ;totsu
1559;突;突;穴;8;S;stab;つ-く; tsu-ku;トツ;totsu
1560;届;屆;尸;8;6;deliver;とど-ける, とど-く;todo-keru,  todo-ku;;
1561;屯;;屮;4;S;barracks;;;トン;ton
1562;豚;;豕;11;S;pork;ぶた; buta;トン;ton
1563;頓;;頁;13;S;suddenly;;;トン;ton
1564;貪;;貝;11;S;covet;むさぼ-る; musabo-ru;ドン;don
1565;鈍;;金;12;S;dull;にぶ-い, にぶ-る; nibu-i,  nibu-ru;ドン;don
1566;曇;;日;16;S;cloudy weather;くも-る; kumo-ru;ドン;don
1567;丼;;丶;5;S;bowl of food;どんぶり, （どん）;donburi,  (don);;
1568;那;;邑;7;S;what;;;ナ;na
1569;奈;;大;8;4;what;;;ナ;na
1570;内;;入;4;2;inside;うち; uchi;ナイ, （ダイ）;nai,  (dai)
1571;梨;;木;11;4;pear tree;なし;nashi;;
1572;謎;;言;17;S;riddle;なぞ;nazo;;
1573;鍋;;金;17;S;pot;なべ;nabe;;
1574;南;;十;9;2;south;みなみ; minami;ナン, （ナ）;nan,  (na)
1575;軟;;車;11;S;soft;やわ-らか, やわ-らかい; yawa-raka,  yawa-rakai;ナン;nan
1576;難;難;隹;18;6;difficult;かた-い, むずか-しい; kata-i,  muzuka-shii;ナン;nan
1577;二;;二;2;1;two;ふた, ふた-つ; futa,  futa-tsu;ニ;ni
1578;尼;;尸;5;S;nun;あま; ama;ニ;ni
1579;弐;貳;貝;6;S;two (falsification prevention);;;ニ;ni
1580;匂;;勹;4;S;scent;にお-う;nio-u;;
1581;肉;;肉;6;2;meat;;;ニク;niku
1582;虹;;虫;9;S;rainbow;にじ;niji;;
1583;日;;日;4;1;day;ひ, か; hi,  ka;ニチ, ジツ;nichi,  jitsu
1584;入;;入;2;1;enter;い-る, い-れる, はい-る; i-ru,  i-reru,  hai-ru;ニュウ;nyuu
1585;乳;;乙;8;6;milk;ちち, ち; chichi,  chi;ニュウ;nyuu
1586;尿;;尸;7;S;urine;;;ニョウ;nyou
1587;任;;人;6;5;responsibility;まか-せる, まか-す; maka-seru,  maka-su;ニン;nin
1588;妊;;女;7;S;pregnancy;;;ニン;nin
1589;忍;;心;7;S;endure;しの-ぶ, しの-ばせる; shino-bu,  shino-baseru;ニン;nin
1590;認;;言;14;6;recognize;みと-める; mito-meru;ニン;nin
1591;寧;;宀;14;S;rather;;;ネイ;nei
1592;熱;;火;15;4;heat;あつ-い; atsu-i;ネツ;netsu
1593;年;;干;6;1;year;とし; toshi;ネン;nen
1594;念;;心;8;4;thought;;;ネン;nen
1595;捻;;手;11;S;twist;;;ネン;nen
1596;粘;;米;11;S;sticky;ねば-る; neba-ru;ネン;nen
1597;燃;;火;16;5;burn;も-える, も-やす, も-す; mo-eru,  mo-yasu,  mo-su;ネン;nen
1598;悩;惱;心;10;S;trouble;なや-む, なや-ます; naya-mu,  naya-masu;ノウ;nou
1599;納;;糸;10;6;settlement;おさ-める, おさ-まる; osa-meru,  osa-maru;ノウ, （ナッ）, （ナ）, （ナン）, （トウ）;nou,  (na'),  (na),  (nan),  (tou)
1600;能;;肉;10;5;ability;;;ノウ;nou
1601;脳;腦;肉;11;6;brain;;;ノウ;nou
1602;農;;辰;13;3;farming;;;ノウ;nou
1603;濃;;水;16;S;concentrated;こ-い; ko-i;ノウ;nou
1604;把;;手;7;S;grasp;;;ハ;ha
1605;波;;水;8;3;wave;なみ; nami;ハ;ha
1606;派;;水;9;6;sect;;;ハ;ha
1607;破;;石;10;5;rend;やぶ-る, やぶ-れる; yabu-ru,  yabu-reru;ハ;ha
1608;覇;霸;雨;19;S;hegemony;;;ハ;ha
1609;馬;;馬;10;2;horse;うま, （ま）; uma,  (ma);バ;ba
1610;婆;;女;11;S;old woman;;;バ;ba
1611;罵;;网;15;S;insult;ののし-る; nonoshi-ru;バ;ba
1612;拝;拜;手;8;6;worship;おが-む; oga-mu;ハイ;hai
1613;杯;;木;8;S;counter for cupfuls;さかずき; sakazuki;ハイ;hai
1614;背;;肉;9;6;back;せ, せい, そむ-く, そむ-ける; se,  sei,  somu-ku,  somu-keru;ハイ;hai
1615;肺;;肉;9;6;lungs;;;ハイ;hai
1616;俳;;人;10;6;haiku;;;ハイ;hai
1617;配;;酉;10;3;distribute;くば-る; kuba-ru;ハイ;hai
1618;排;;手;11;S;repudiate;;;ハイ;hai
1619;敗;;攴;11;4;failure;やぶ-れる; yabu-reru;ハイ;hai
1620;廃;廢;广;12;S;abolish;すた-れる, すた-る; suta-reru,  suta-ru;ハイ;hai
1621;輩;;車;15;S;comrade;;;ハイ;hai
1622;売;賣;貝;7;2;sell;う-る, う-れる; u-ru,  u-reru;バイ;bai
1623;倍;;人;10;3;double;;;バイ;bai
1624;梅;梅;木;10;4;ume (Japanese apricot);うめ; ume;バイ;bai
1625;培;;土;11;S;cultivate;つちか-う; tsuchika-u;バイ;bai
1626;陪;;阜;11;S;obeisance;;;バイ;bai
1627;媒;;女;12;S;mediator;;;バイ;bai
1628;買;;貝;12;2;buy;か-う; ka-u;バイ;bai
1629;賠;;貝;15;S;compensation;;;バイ;bai
1630;白;;白;5;1;white;しろ, （しら）, しろ-い; shiro,  (shira),  shiro-i;ハク, ビャク;haku,  byaku
1631;伯;;人;7;S;chief;;;ハク;haku
1632;拍;;手;8;S;clap;;;ハク, （ヒョウ）;haku,  (hyou)
1633;泊;;水;8;S;overnight;と-まる, と-める; to-maru,  to-meru;ハク;haku
1634;迫;;辵;8;S;urge;せま-る; sema-ru;ハク;haku
1635;剝;;刀;10;S;peel;は-がす, は-ぐ, は-がれる, は-げる; ha-gasu,  ha-gu,  ha-gareru,  ha-geru;ハク;haku
1636;舶;;舟;11;S;liner;;;ハク;haku
1637;博;;十;12;4;Dr.;;;ハク, （バク）;haku,  (baku)
1638;薄;;艸;16;S;dilute;うす-い, うす-める, うす-まる, うす-らぐ, うす-れる; usu-i,  usu-meru,  usu-maru,  usu-ragu,  usu-reru;ハク;haku
1639;麦;麥;麥;7;2;wheat;むぎ; mugi;バク;baku
1640;漠;;水;13;S;vague;;;バク;baku
1641;縛;;糸;16;S;truss;しば-る; shiba-ru;バク;baku
1642;爆;;火;19;S;explode;;;バク;baku
1643;箱;;竹;15;3;box;はこ;hako;;
1644;箸;;竹;15;S;chopsticks;はし;hashi;;
1645;畑;;田;9;3;farm;はた, はたけ;hata,  hatake;;
1646;肌;;肉;6;S;texture;はだ;hada;;
1647;八;;八;2;1;eight;や, や-つ, やっ-つ, （よう）; ya,  ya-tsu,  ya'-tsu,  (you);ハチ;hachi
1648;鉢;;金;13;S;bowl;;;ハチ, （ハツ）;hachi,  (hatsu)
1649;発;發;癶;9;3;departure;;;ハツ, ホツ;hatsu,  hotsu
1650;髪;髮;髟;14;S;hair of the head;かみ; kami;ハツ;hatsu
1651;伐;;人;6;S;fell;;;バツ;batsu
1652;抜;拔;手;7;S;slip out;ぬ-く, ぬ-ける, ぬ-かす, ぬ-かる; nu-ku,  nu-keru,  nu-kasu,  nu-karu;バツ;batsu
1653;罰;;网;14;S;penalty;;;バツ, バチ;batsu,  bachi
1654;閥;;門;14;S;clique;;;バツ;batsu
1655;反;;又;4;3;anti-;そ-る, そ-らす; so-ru,  so-rasu;ハン, （ホン）, （タン）;han,  (hon),  (tan)
1656;半;;十;5;2;half;なか-ば; naka-ba;ハン;han
1657;氾;;水;5;S;spread out;;;ハン;han
1658;犯;;犬;5;5;crime;おか-す; oka-su;ハン;han
1659;帆;;巾;6;S;sail;ほ; ho;ハン;han
1660;汎;;水;6;S;pan-;;;ハン;han
1661;伴;;人;7;S;consort;ともな-う; tomona-u;ハン, バン;han,  ban
1662;判;;刀;7;5;judge;;;ハン, バン;han,  ban
1663;坂;;土;7;3;slope;さか; saka;ハン;han
1664;阪;;阜;7;4;heights;;;ハン;han
1665;板;;木;8;3;board;いた; ita;ハン, バン;han,  ban
1666;版;;片;8;5;printing block;;;ハン;han
1667;班;;玉;10;6;squad;;;ハン;han
1668;畔;;田;10;S;paddy-ridge;;;ハン;han
1669;般;;舟;10;S;generally;;;ハン;han
1670;販;;貝;11;S;marketing;;;ハン;han
1671;斑;;文;12;S;blemish;;;ハン;han
1672;飯;;食;12;4;meal;めし; meshi;ハン;han
1673;搬;;手;13;S;conveyor;;;ハン;han
1674;煩;;火;13;S;anxiety;わずら-う, わずら-わす; wazura-u,  wazura-wasu;ハン, （ボン）;han,  (bon)
1675;頒;;頁;13;S;partition;;;ハン;han
1676;範;;竹;15;S;pattern;;;ハン;han
1677;繁;繁;糸;16;S;luxuriant;;;ハン;han
1678;藩;;艸;18;S;clan;;;ハン;han
1679;晩;晚;日;12;6;nightfall;;;バン;ban
1680;番;;田;12;2;one's turn;;;バン;ban
1681;蛮;蠻;虫;12;S;barbarian;;;バン;ban
1682;盤;;皿;15;S;tray;;;バン;ban
1683;比;;比;4;5;compare;くら-べる; kura-beru;ヒ;hi
1684;皮;;皮;5;3;skin;かわ; kawa;ヒ;hi
1685;妃;;女;6;S;queen;;;ヒ;hi
1686;否;;口;7;6;negate;いな; ina;ヒ;hi
1687;批;;手;7;6;criticism;;;ヒ;hi
1688;彼;;彳;8;S;he;かれ, （かの）; kare,  (kano);ヒ;hi
1689;披;;手;8;S;expose;;;ヒ;hi
1690;肥;;肉;8;5;fertilizer;こ-える, こえ, こ-やす, こ-やし; ko-eru,  koe,  ko-yasu,  ko-yashi;ヒ;hi
1691;非;;非;8;5;negative;;;ヒ;hi
1692;卑;卑;十;9;S;lowly;いや-しい, いや-しむ, いや-しめる; iya-shii,  iya-shimu,  iya-shimeru;ヒ;hi
1693;飛;;飛;9;4;fly;と-ぶ, と-ばす; to-bu,  to-basu;ヒ;hi
1694;疲;;疒;10;S;exhausted;つか-れる; tsuka-reru;ヒ;hi
1695;秘;祕;示;10;6;secret;ひ-める; hi-meru;ヒ;hi
1696;被;;衣;10;S;incur;こうむ-る; koumu-ru;ヒ;hi
1697;悲;;心;12;3;sad;かな-しい, かな-しむ; kana-shii,  kana-shimu;ヒ;hi
1698;扉;;戶;12;S;front door;とびら; tobira;ヒ;hi
1699;費;;貝;12;5;expense;つい-やす, つい-える; tsui-yasu,  tsui-eru;ヒ;hi
1700;碑;碑;石;14;S;tombstone;;;ヒ;hi
1701;罷;;网;15;S;quit;;;ヒ;hi
1702;避;;辵;16;S;evade;さ-ける; sa-keru;ヒ;hi
1703;尾;;尸;7;S;tail;お; o;ビ;bi
1704;眉;;目;9;S;eyebrow;まゆ; mayu;ビ, （ミ）;bi,  (mi)
1705;美;;羊;9;3;beauty;うつく-しい; utsuku-shii;ビ;bi
1706;備;;人;12;5;provide;そな-える, そな-わる; sona-eru,  sona-waru;ビ;bi
1707;微;;彳;13;S;delicate;;;ビ;bi
1708;鼻;;鼻;14;3;nose;はな; hana;ビ;bi
1709;膝;;肉;15;S;knee;ひざ;hiza;;
1710;肘;;肉;7;S;elbow;ひじ;hiji;;
1711;匹;;匸;4;S;equal;ひき; hiki;ヒツ;hitsu
1712;必;;心;5;4;without fail;かなら-ず; kanara-zu;ヒツ;hitsu
1713;泌;;水;8;S;ooze;;;ヒツ, ヒ;hitsu,  hi
1714;筆;;竹;12;3;writing brush;ふで; fude;ヒツ;hitsu
1715;姫;;女;10;S;princess;ひめ;hime;;
1716;百;;白;6;1;hundred;;;ヒャク;hyaku
1717;氷;;水;5;3;ice;こおり, ひ; koori,  hi;ヒョウ;hyou
1718;表;;衣;8;3;express;おもて, あらわ-す, あらわ-れる; omote,  arawa-su,  arawa-reru;ヒョウ;hyou
1719;俵;;人;10;6;bag;たわら; tawara;ヒョウ;hyou
1720;票;;示;11;4;ballot;;;ヒョウ;hyou
1721;評;;言;12;5;evaluate;;;ヒョウ;hyou
1722;漂;;水;14;S;drift;ただよ-う; tadayo-u;ヒョウ;hyou
1723;標;;木;15;4;signpost;;;ヒョウ;hyou
1724;苗;;艸;8;S;seedling;なえ, （なわ）; nae,  (nawa);ビョウ;byou
1725;秒;;禾;9;3;second (part of time);;;ビョウ;byou
1726;病;;疒;10;3;sick;や-む, やまい; ya-mu,  yamai;ビョウ, （ヘイ）;byou,  (hei)
1727;描;;手;11;S;sketch;えが-く, か-く; ega-ku,  ka-ku;ビョウ;byou
1728;猫;;犬;11;S;cat;ねこ; neko;ビョウ;byou
1729;品;;口;9;3;article;しな; shina;ヒン;hin
1730;浜;濱;水;10;S;seacoast;はま; hama;ヒン;hin
1731;貧;;貝;11;5;poor;まず-しい; mazu-shii;ヒン, ビン;hin,  bin
1732;賓;賓;貝;15;S;V.I.P.;;;ヒン;hin
1733;頻;頻;頁;17;S;repeatedly;;;ヒン;hin
1734;敏;敏;攴;10;S;cleverness;;;ビン;bin
1735;瓶;甁;瓦;11;S;flower pot;;;ビン;bin
1736;不;;一;4;4;non-;;;フ, ブ;fu,  bu
1737;夫;;大;4;4;husband;おっと; otto;フ, （フウ）;fu,  (fuu)
1738;父;;父;4;2;father;ちち; chichi;フ;fu
1739;付;;人;5;4;attach;つ-ける, つ-く; tsu-keru,  tsu-ku;フ;fu
1740;布;;巾;5;5;linen;ぬの; nuno;フ;fu
1741;扶;;手;7;S;aid;;;フ;fu
1742;府;;广;8;4;urban prefecture;;;フ;fu
1743;怖;;心;8;S;dreadful;こわ-い; kowa-i;フ;fu
1744;阜;;阜;8;4;mound;;;（フ）;(fu)
1745;附;;阜;8;S;affixed;;;フ;fu
1746;訃;;言;9;S;obituary;;;フ;fu
1747;負;;貝;9;3;lose;ま-ける, ま-かす, お-う; ma-keru,  ma-kasu,  o-u;フ;fu
1748;赴;;走;9;S;proceed;おもむ-く; omomu-ku;フ;fu
1749;浮;;水;10;S;floating;う-く, う-かれる, う-かぶ, う-かべる; u-ku,  u-kareru,  u-kabu,  u-kaberu;フ;fu
1750;婦;;女;11;5;lady;;;フ;fu
1751;符;;竹;11;S;token;;;フ;fu
1752;富;;宀;12;4;rich;と-む, とみ; to-mu,  tomi;フ, （フウ）;fu,  (fuu)
1753;普;;日;12;S;universal;;;フ;fu
1754;腐;;肉;14;S;rot;くさ-る, くさ-れる, くさ-らす; kusa-ru,  kusa-reru,  kusa-rasu;フ;fu
1755;敷;;攴;15;S;spread;し-く; shi-ku;フ;fu
1756;膚;;肉;15;S;skin;;;フ;fu
1757;賦;;貝;15;S;levy;;;フ;fu
1758;譜;;言;19;S;musical score;;;フ;fu
1759;侮;侮;人;8;S;scorn;あなど-る; anado-ru;ブ;bu
1760;武;;止;8;5;military;;;ブ, ム;bu,  mu
1761;部;;邑;11;3;part;;;ブ;bu
1762;舞;;舛;15;S;dance;ま-う, まい; ma-u,  mai;ブ;bu
1763;封;;寸;9;S;seal;;;フウ, ホウ;fuu,  hou
1764;風;;風;9;2;wind;かぜ, （かざ）; kaze,  (kaza);フウ, （フ）;fuu,  (fu)
1765;伏;;人;6;S;prostrated;ふ-せる, ふ-す; fu-seru,  fu-su;フク;fuku
1766;服;;月;8;3;clothes;;;フク;fuku
1767;副;;刀;11;4;vice;;;フク;fuku
1768;幅;;巾;12;S;breadth;はば; haba;フク;fuku
1769;復;;彳;12;5;again;;;フク;fuku
1770;福;福;示;13;3;luck;;;フク;fuku
1771;腹;;肉;13;6;abdomen;はら; hara;フク;fuku
1772;複;;衣;14;5;duplicate;;;フク;fuku
1773;覆;;襾;18;S;capsize;おお-う, くつがえ-す, くつがえ-る; oo-u,  kutsugae-su,  kutsugae-ru;フク;fuku
1774;払;拂;手;5;S;pay;はら-う; hara-u;フツ;futsu
1775;沸;;水;8;S;seethe;わ-く, わ-かす; wa-ku,  wa-kasu;フツ;futsu
1776;仏;佛;人;4;5;Buddha;ほとけ; hotoke;ブツ;butsu
1777;物;;牛;8;3;thing;もの; mono;ブツ, モツ;butsu,  motsu
1778;粉;;米;10;5;flour;こ, こな; ko,  kona;フン;fun
1779;紛;;糸;10;S;distract;まぎ-れる, まぎ-らす, まぎ-らわす, まぎ-らわしい; magi-reru,  magi-rasu,  magi-rawasu,  magi-rawashii;フン;fun
1780;雰;;雨;12;S;atmosphere;;;フン;fun
1781;噴;;口;15;S;erupt;ふ-く; fu-ku;フン;fun
1782;墳;;土;15;S;tomb;;;フン;fun
1783;憤;;心;15;S;aroused;いきどお-る; ikidoo-ru;フン;fun
1784;奮;;大;16;6;stirred up;ふる-う; furu-u;フン;fun
1785;分;;刀;4;2;part, minute of time;わ-ける, わ-かれる, わ-かる, わ-かつ; wa-keru,  wa-kareru,  wa-karu,  wa-katsu;ブン, フン, ブ;bun,  fun,  bu
1786;文;;文;4;1;writing;ふみ; fumi;ブン, モン;bun,  mon
1787;聞;;耳;14;2;hear;き-く, き-こえる; ki-ku,  ki-koeru;ブン, モン;bun,  mon
1788;丙;;一;5;S;third class;;;ヘイ;hei
1789;平;;干;5;3;flat;たい-ら, ひら; tai-ra,  hira;ヘイ, ビョウ;hei,  byou
1790;兵;;八;7;4;soldier;;;ヘイ, ヒョウ;hei,  hyou
1791;併;倂;人;8;S;join;あわ-せる; awa-seru;ヘイ;hei
1792;並;竝;立;8;6;line-up;なみ, なら-べる, なら-ぶ, なら-びに; nami,  nara-beru,  nara-bu,  nara-bini;ヘイ;hei
1793;柄;;木;9;S;design;がら, え; gara,  e;ヘイ;hei
1794;陛;;阜;10;6;highness;;;ヘイ;hei
1795;閉;;門;11;6;closed;と-じる, と-ざす, し-める, し-まる; to-jiru,  to-zasu,  shi-meru,  shi-maru;ヘイ;hei
1796;塀;塀;土;12;S;fence;;;ヘイ;hei
1797;幣;;巾;15;S;cash;;;ヘイ;hei
1798;弊;;廾;15;S;abuse;;;ヘイ;hei
1799;蔽;;艸;15;S;cover;;;ヘイ;hei
1800;餅;餠;食;15;S;mochi rice cake;もち; mochi;ヘイ;hei
1801;米;;米;6;2;rice;こめ; kome;ベイ, マイ;bei,  mai
1802;壁;;土;16;S;wall;かべ; kabe;ヘキ;heki
1803;璧;;玉;18;S;sphere;;;ヘキ;heki
1804;癖;;疒;18;S;mannerism;くせ; kuse;ヘキ;heki
1805;別;;刀;7;4;separate;わか-れる; waka-reru;ベツ;betsu
1806;蔑;;艸;14;S;ignore;さげす-む; sagesu-mu;ベツ;betsu
1807;片;;片;4;6;one-sided;かた; kata;ヘン;hen
1808;辺;邊;辵;5;4;environs;あた-り, べ; ata-ri,  be;ヘン;hen
1809;返;;辵;7;3;return;かえ-す, かえ-る; kae-su,  kae-ru;ヘン;hen
1810;変;變;言;9;4;change;か-わる, か-える; ka-waru,  ka-eru;ヘン;hen
1811;偏;;人;11;S;partial;かたよ-る; katayo-ru;ヘン;hen
1812;遍;;辵;12;S;everywhere;;;ヘン;hen
1813;編;;糸;15;5;compile;あ-む; a-mu;ヘン;hen
1814;弁;辨瓣辯;辛瓜辛;5;5;valve;;;ベン;ben
1815;便;;人;9;4;convenience;たよ-り; tayo-ri;ベン, ビン;ben,  bin
1816;勉;勉;力;10;3;exertion;;;ベン;ben
1817;歩;步;止;8;2;walk;ある-く, あゆ-む; aru-ku,  ayu-mu;ホ, ブ, （フ）;ho,  bu,  (fu)
1818;保;;人;9;5;preserve;たも-つ; tamo-tsu;ホ;ho
1819;哺;;口;10;S;suckle;;;ホ;ho
1820;捕;;手;10;S;catch;と-らえる, と-らわれる, と-る, つか-まえる, つか-まる; to-raeru,  to-rawareru,  to-ru,  tsuka-maeru,  tsuka-maru;ホ;ho
1821;補;;衣;12;6;supplement;おぎな-う; ogina-u;ホ;ho
1822;舗;;舌;15;S;pavement;;;ホ;ho
1823;母;;毋;5;2;mother;はは; haha;ボ;bo
1824;募;;力;12;S;recruit;つの-る; tsuno-ru;ボ;bo
1825;墓;;土;13;5;grave;はか; haka;ボ;bo
1826;慕;;心;14;S;pining;した-う; shita-u;ボ;bo
1827;暮;;日;14;6;livelihood;く-れる, く-らす; ku-reru,  ku-rasu;ボ;bo
1828;簿;;竹;19;S;register;;;ボ;bo
1829;方;;方;4;2;direction;かた; kata;ホウ;hou
1830;包;;勹;5;4;wrap;つつ-む; tsutsu-mu;ホウ;hou
1831;芳;;艸;7;S;perfume;かんば-しい; kanba-shii;ホウ;hou
1832;邦;;邑;7;S;home country;;;ホウ;hou
1833;奉;;大;8;S;observance;たてまつ-る; tatematsu-ru;ホウ, （ブ）;hou,  (bu)
1834;宝;寶;宀;8;6;treasure;たから; takara;ホウ;hou
1835;抱;;手;8;S;embrace;だ-く, いだ-く, かか-える; da-ku,  ida-ku,  kaka-eru;ホウ;hou
1836;放;;攴;8;3;release;はな-す, はな-つ, はな-れる, ほう-る; hana-su,  hana-tsu,  hana-reru,  hou-ru;ホウ;hou
1837;法;;水;8;4;method;;;ホウ, （ハッ）, （ホッ）;hou,  (ha'),  (ho')
1838;泡;;水;8;S;bubbles;あわ; awa;ホウ;hou
1839;胞;;肉;9;S;placenta;;;ホウ;hou
1840;俸;;人;10;S;salary;;;ホウ;hou
1841;倣;;人;10;S;emulate;なら-う; nara-u;ホウ;hou
1842;峰;;山;10;S;summit;みね; mine;ホウ;hou
1843;砲;;石;10;S;cannon;;;ホウ;hou
1844;崩;;山;11;S;crumble;くず-れる, くず-す; kuzu-reru,  kuzu-su;ホウ;hou
1845;訪;;言;11;6;visit;おとず-れる, たず-ねる; otozu-reru,  tazu-neru;ホウ;hou
1846;報;;土;12;5;report;むく-いる; muku-iru;ホウ;hou
1847;蜂;;虫;13;S;bee;はち; hachi;ホウ;hou
1848;豊;豐;豆;13;5;bountiful;ゆた-か; yuta-ka;ホウ;hou
1849;飽;;食;13;S;sated;あ-きる, あ-かす; a-kiru,  a-kasu;ホウ;hou
1850;褒;襃;衣;15;S;praise;ほ-める; ho-meru;ホウ;hou
1851;縫;;糸;16;S;sew;ぬ-う; nu-u;ホウ;hou
1852;亡;;亠;3;6;deceased;な-い; na-i;ボウ, （モウ）;bou,  (mou)
1853;乏;;丿;4;S;scarce;とぼ-しい; tobo-shii;ボウ;bou
1854;忙;;心;6;S;busy;いそが-しい; isoga-shii;ボウ;bou
1855;坊;;土;7;S;boy;;;ボウ, （ボッ）;bou,  (bo')
1856;妨;;女;7;S;disturb;さまた-げる; samata-geru;ボウ;bou
1857;忘;;心;7;6;forget;わす-れる; wasu-reru;ボウ;bou
1858;防;;阜;7;5;prevent;ふせ-ぐ; fuse-gu;ボウ;bou
1859;房;;戶;8;S;tassel;ふさ; fusa;ボウ;bou
1860;肪;;肉;8;S;obese;;;ボウ;bou
1861;某;;木;9;S;so-and-so;;;ボウ;bou
1862;冒;;冂;9;S;risk;おか-す; oka-su;ボウ;bou
1863;剖;;刀;10;S;divide;;;ボウ;bou
1864;紡;;糸;10;S;spinning;つむ-ぐ; tsumu-gu;ボウ;bou
1865;望;;月;11;4;hope;のぞ-む; nozo-mu;ボウ, モウ;bou,  mou
1866;傍;;人;12;S;bystander;かたわ-ら; katawa-ra;ボウ;bou
1867;帽;;巾;12;S;cap;;;ボウ;bou
1868;棒;;木;12;6;rod;;;ボウ;bou
1869;貿;;貝;12;5;trade;;;ボウ;bou
1870;貌;;豸;14;S;appearance;;;ボウ;bou
1871;暴;;日;15;5;outburst;あば-く, あば-れる; aba-ku,  aba-reru;ボウ, （バク）;bou,  (baku)
1872;膨;;肉;16;S;swell;ふく-らむ, ふく-れる; fuku-ramu,  fuku-reru;ボウ;bou
1873;謀;;言;16;S;conspire;はか-る; haka-ru;ボウ, （ム）;bou,  (mu)
1874;頰;;頁;16;S;cheek;ほお;hoo;;
1875;北;;匕;5;2;north;きた; kita;ホク;hoku
1876;木;;木;4;1;tree;き, （こ）; ki,  (ko);ボク, モク;boku,  moku
1877;朴;;木;6;S;crude;;;ボク;boku
1878;牧;;牛;8;4;breed;まき; maki;ボク;boku
1879;睦;;目;13;S;harmonious;;;ボク;boku
1880;僕;;人;14;S;me;;;ボク;boku
1881;墨;墨;土;14;S;black ink;すみ; sumi;ボク;boku
1882;撲;;手;15;S;slap;;;ボク;boku
1883;没;沒;水;7;S;drown;;;ボツ;botsu
1884;勃;;力;9;S;rise;;;ボツ;botsu
1885;堀;;土;11;S;ditch;ほり;hori;;
1886;本;;木;5;1;book;もと; moto;ホン;hon
1887;奔;;大;8;S;bustle;;;ホン;hon
1888;翻;飜;飛;18;S;flip;ひるがえ-る, ひるがえ-す; hirugae-ru,  hirugae-su;ホン;hon
1889;凡;;几;3;S;mediocre;;;ボン, （ハン）;bon,  (han)
1890;盆;;皿;9;S;basin;;;ボン;bon
1891;麻;;麻;11;S;hemp;あさ; asa;マ;ma
1892;摩;;手;15;S;chafe;;;マ;ma
1893;磨;;石;16;S;grind;みが-く; miga-ku;マ;ma
1894;魔;;鬼;21;S;witch;;;マ;ma
1895;毎;每;毋;6;2;every;;;マイ;mai
1896;妹;;女;8;2;younger sister;いもうと; imouto;マイ;mai
1897;枚;;木;8;6;sheet of...;;;マイ;mai
1898;昧;;日;9;S;foolish;;;マイ;mai
1899;埋;;土;10;S;bury;う-める, う-まる, う-もれる; u-meru,  u-maru,  u-moreru;マイ;mai
1900;幕;;巾;13;6;curtain;;;マク, バク;maku,  baku
1901;膜;;肉;14;S;membrane;;;マク;maku
1902;枕;;木;8;S;pillow;まくら;makura;;
1903;又;;又;2;S;or again;また;mata;;
1904;末;;木;5;4;end;すえ; sue;マツ, バツ;matsu,  batsu
1905;抹;;手;8;S;rub;;;マツ;matsu
1906;万;萬;艸;3;2;ten thousand;;;マン, バン;man,  ban
1907;満;滿;水;12;4;full;み-ちる, み-たす; mi-chiru,  mi-tasu;マン;man
1908;慢;;心;14;S;ridicule;;;マン;man
1909;漫;;水;14;S;cartoon;;;マン;man
1910;未;;木;5;4;not yet;;;ミ;mi
1911;味;;口;8;3;flavor;あじ, あじ-わう; aji,  aji-wau;ミ;mi
1912;魅;;鬼;15;S;fascination;;;ミ;mi
1913;岬;;山;8;S;headland;みさき;misaki;;
1914;密;;宀;11;6;secrecy;;;ミツ;mitsu
1915;蜜;;虫;14;S;honey;;;ミツ;mitsu
1916;脈;;肉;10;5;vein;;;ミャク;myaku
1917;妙;;女;7;S;exquisite;;;ミョウ;myou
1918;民;;氏;5;4;people;たみ; tami;ミン;min
1919;眠;;目;10;S;sleep;ねむ-る, ねむ-い; nemu-ru,  nemu-i;ミン;min
1920;矛;;矛;5;S;halberd;ほこ; hoko;ム;mu
1921;務;;力;11;5;duty;つと-める, つと-まる; tsuto-meru,  tsuto-maru;ム;mu
1922;無;;火;12;4;nothing;な-い; na-i;ム, ブ;mu,  bu
1923;夢;;夕;13;5;dream;ゆめ; yume;ム;mu
1924;霧;;雨;19;S;fog;きり; kiri;ム;mu
1925;娘;;女;10;S;daughter;むすめ;musume;;
1926;名;;口;6;1;name;な; na;メイ, ミョウ;mei,  myou
1927;命;;口;8;3;fate;いのち; inochi;メイ, ミョウ;mei,  myou
1928;明;;日;8;2;bright;あ-かり, あか-るい, あか-るむ, あか-らむ, あき-らか, あ-ける, あ-く, あ-くる, あ-かす; a-kari,  aka-rui,  aka-rumu,  aka-ramu,  aki-raka,  a-keru,  a-ku,  a-kuru,  a-kasu;メイ, ミョウ;mei,  myou
1929;迷;;辵;9;5;astray;まよ-う; mayo-u;メイ;mei
1930;冥;;冖;10;S;dark;;;メイ, ミョウ;mei,  myou
1931;盟;;皿;13;6;alliance;;;メイ;mei
1932;銘;;金;14;S;inscription;;;メイ;mei
1933;鳴;;鳥;14;2;chirp;な-く, な-る, な-らす; na-ku,  na-ru,  na-rasu;メイ;mei
1934;滅;;水;13;S;destroy;ほろ-びる, ほろ-ぼす; horo-biru,  horo-bosu;メツ;metsu
1935;免;免;儿;8;S;excuse;まぬか-れる; manuka-reru;メン;men
1936;面;;面;9;3;face;おも, おもて, つら; omo,  omote,  tsura;メン;men
1937;綿;;糸;14;5;cotton;わた; wata;メン;men
1938;麺;麵;麥;16;S;noodles;;;メン;men
1939;茂;;艸;8;S;overgrown;しげ-る; shige-ru;モ;mo
1940;模;;木;14;6;imitation;;;モ, ボ;mo,  bo
1941;毛;;毛;4;2;hair;け; ke;モウ;mou
1942;妄;;女;6;S;delusion;;;モウ, ボウ;mou,  bou
1943;盲;;目;8;S;blind;;;モウ;mou
1944;耗;;耒;10;S;decrease;;;モウ, （コウ）;mou,  (kou)
1945;猛;;犬;11;S;fierce;;;モウ;mou
1946;網;;糸;14;S;netting;あみ; ami;モウ;mou
1947;目;;目;5;1;eye;め, （ま）; me,  (ma);モク, （ボク）;moku,  (boku)
1948;黙;默;黑;15;S;silence;だま-る; dama-ru;モク;moku
1949;門;;門;8;2;gates;かど; kado;モン;mon
1950;紋;;糸;10;S;family crest;;;モン;mon
1951;問;;口;11;3;question;と-う, と-い, （とん）; to-u,  to-i,  (ton);モン;mon
1952;冶;;冫;7;S;melting;;;ヤ;ya
1953;夜;;夕;8;2;night;よ, よる; yo,  yoru;ヤ;ya
1954;野;;里;11;2;field;の; no;ヤ;ya
1955;弥;彌;弓;8;S;all the more;や;ya;;
1956;厄;;厂;4;S;unlucky;;;ヤク;yaku
1957;役;;彳;7;3;service;;;ヤク, エキ;yaku,  eki
1958;約;;糸;9;4;promise;;;ヤク;yaku
1959;訳;譯;言;11;6;translate;わけ; wake;ヤク;yaku
1960;薬;藥;艸;16;3;medicine;くすり; kusuri;ヤク;yaku
1961;躍;;足;21;S;leap;おど-る; odo-ru;ヤク;yaku
1962;闇;;門;17;S;darkness;やみ;yami;;
1963;由;;田;5;3;reason;よし; yoshi;ユ, ユウ, （ユイ）;yu,  yuu,  (yui)
1964;油;;水;8;3;oil;あぶら; abura;ユ;yu
1965;喩;;口;12;S;metaphor;;;ユ;yu
1966;愉;;心;12;S;pleasure;;;ユ;yu
1967;諭;;言;16;S;rebuke;さと-す; sato-su;ユ;yu
1968;輸;;車;16;5;transport;;;ユ;yu
1969;癒;;疒;18;S;healing;い-える, い-やす; i-eru,  i-yasu;ユ;yu
1970;唯;;口;11;S;solely;;;ユイ, （イ）;yui,  (i)
1971;友;;又;4;2;friend;とも; tomo;ユウ;yuu
1972;有;;月;6;3;have;あ-る; a-ru;ユウ, ウ;yuu,  u
1973;勇;;力;9;4;courage;いさ-む; isa-mu;ユウ;yuu
1974;幽;;幺;9;S;seclude;;;ユウ;yuu
1975;悠;;心;11;S;permanence;;;ユウ;yuu
1976;郵;;邑;11;6;mail;;;ユウ;yuu
1977;湧;;水;12;S;boil;わ-く; wa-ku;ユウ;yuu
1978;猶;;犬;12;S;furthermore;;;ユウ;yuu
1979;裕;;衣;12;S;abundant;;;ユウ;yuu
1980;遊;;辵;12;3;play;あそ-ぶ; aso-bu;ユウ, （ユ）;yuu,  (yu)
1981;雄;;隹;12;S;male;お, おす; o,  osu;ユウ;yuu
1982;誘;;言;14;S;entice;さそ-う; saso-u;ユウ;yuu
1983;憂;;心;15;S;melancholy;うれ-える, うれ-い, う-い; ure-eru,  ure-i,  u-i;ユウ;yuu
1984;融;;虫;16;S;dissolve;;;ユウ;yuu
1985;優;;人;17;6;superior;やさ-しい, すぐ-れる; yasa-shii,  sugu-reru;ユウ;yuu
1986;与;與;臼;3;S;give;あた-える; ata-eru;ヨ;yo
1987;予;豫;豕;4;3;in advance;;;ヨ;yo
1988;余;餘;食;7;5;leave over;あま-る, あま-す; ama-ru,  ama-su;ヨ;yo
1989;誉;譽;言;13;S;reputation;ほま-れ; homa-re;ヨ;yo
1990;預;;頁;13;6;deposit;あず-ける, あず-かる; azu-keru,  azu-karu;ヨ;yo
1991;幼;;幺;5;6;infancy;おさな-い; osana-i;ヨウ;you
1992;用;;用;5;2;use;もち-いる; mochi-iru;ヨウ;you
1993;羊;;羊;6;3;sheep;ひつじ; hitsuji;ヨウ;you
1994;妖;;女;7;S;bewitching;あや-しい; aya-shii;ヨウ;you
1995;洋;;水;9;3;ocean;;;ヨウ;you
1996;要;;襾;9;4;need;かなめ, い-る; kaname,  i-ru;ヨウ;you
1997;容;;宀;10;5;contain;;;ヨウ;you
1998;庸;;广;11;S;commonplace;;;ヨウ;you
1999;揚;;手;12;S;hoist;あ-げる, あ-がる; a-geru,  a-garu;ヨウ;you
2000;揺;搖;手;12;S;swing;ゆ-れる, ゆ-る, ゆ-らぐ, ゆ-るぐ, ゆ-する, ゆ-さぶる, ゆ-すぶる; yu-reru,  yu-ru,  yu-ragu,  yu-rugu,  yu-suru,  yu-saburu,  yu-suburu;ヨウ;you
2001;葉;;艸;12;3;leaf;は; ha;ヨウ;you
2002;陽;;阜;12;3;sunshine;;;ヨウ;you
2003;溶;;水;13;S;melt;と-ける, と-かす, と-く; to-keru,  to-kasu,  to-ku;ヨウ;you
2004;腰;;肉;13;S;loins;こし; koshi;ヨウ;you
2005;様;樣;木;14;3;formal title;さま; sama;ヨウ;you
2006;瘍;;疒;14;S;boil (medical);;;ヨウ;you
2007;踊;;足;14;S;jump;おど-る, おど-り; odo-ru,  odo-ri;ヨウ;you
2008;窯;;穴;15;S;kiln;かま; kama;ヨウ;you
2009;養;;食;15;4;foster;やしな-う; yashina-u;ヨウ;you
2010;擁;;手;16;S;embrace;;;ヨウ;you
2011;謡;謠;言;16;S;noh chanting;うたい, うた-う; utai,  uta-u;ヨウ;you
2012;曜;;日;18;2;day of the week;;;ヨウ;you
2013;抑;;手;7;S;repress;おさ-える; osa-eru;ヨク;yoku
2014;沃;;水;7;S;fertility;;;ヨク;yoku
2015;浴;;水;10;4;bathe;あ-びる, あ-びせる; a-biru,  a-biseru;ヨク;yoku
2016;欲;;欠;11;6;longing;ほっ-する, ほ-しい; ho'-suru,  ho-shii;ヨク;yoku
2017;翌;;羽;11;6;the following;;;ヨク;yoku
2018;翼;;羽;17;S;wing;つばさ; tsubasa;ヨク;yoku
2019;拉;;手;8;S;crush;;;ラ;ra
2020;裸;;衣;13;S;naked;はだか; hadaka;ラ;ra
2021;羅;;网;19;S;gauze;;;ラ;ra
2022;来;來;人;7;2;come;く-る, きた-る, きた-す; ku-ru,  kita-ru,  kita-su;ライ;rai
2023;雷;;雨;13;S;thunder;かみなり; kaminari;ライ;rai
2024;頼;賴;貝;16;S;trust;たの-む, たの-もしい, たよ-る; tano-mu,  tano-moshii,  tayo-ru;ライ;rai
2025;絡;;糸;12;S;entwine;から-む, から-まる, から-める; kara-mu,  kara-maru,  kara-meru;ラク;raku
2026;落;;艸;12;3;fall;お-ちる, お-とす; o-chiru,  o-tosu;ラク;raku
2027;酪;;酉;13;S;dairy products;;;ラク;raku
2028;辣;;辛;14;S;bitter;;;ラツ;ratsu
2029;乱;亂;乙;7;6;riot;みだ-れる, みだ-す; mida-reru,  mida-su;ラン;ran
2030;卵;;卩;7;6;egg;たまご; tamago;ラン;ran
2031;覧;覽;見;17;6;perusal;;;ラン;ran
2032;濫;;水;18;S;excessive;;;ラン;ran
2033;藍;;艸;18;S;indigo;あい; ai;ラン;ran
2034;欄;欄;木;20;S;column;;;ラン;ran
2035;吏;;口;6;S;officer;;;リ;ri
2036;利;;刀;7;4;profit;き-く; ki-ku;リ;ri
2037;里;;里;7;2;village;さと; sato;リ;ri
2038;理;;玉;11;2;reason;;;リ;ri
2039;痢;;疒;12;S;diarrhea;;;リ;ri
2040;裏;;衣;13;6;back;うら; ura;リ;ri
2041;履;;尸;15;S;footgear;は-く; ha-ku;リ;ri
2042;璃;;玉;15;S;glassy;;;リ;ri
2043;離;;隹;19;S;detach;はな-れる, はな-す; hana-reru,  hana-su;リ;ri
2044;陸;;阜;11;4;land;;;リク;riku
2045;立;;立;5;1;stand up;た-つ, た-てる; ta-tsu,  ta-teru;リツ, （リュウ）;ritsu,  (ryuu)
2046;律;;彳;9;6;law;;;リツ, （リチ）;ritsu,  (richi)
2047;慄;;心;13;S;fear;;;リツ;ritsu
2048;略;;田;11;5;abbreviation;;;リャク;ryaku
2049;柳;;木;9;S;willow;やなぎ; yanagi;リュウ;ryuu
2050;流;;水;10;3;stream;なが-れる, なが-す; naga-reru,  naga-su;リュウ, （ル）;ryuu,  (ru)
2051;留;;田;10;5;detain;と-める, と-まる; to-meru,  to-maru;リュウ, （ル）;ryuu,  (ru)
2052;竜;龍;龍;10;S;dragon;たつ; tatsu;リュウ;ryuu
2053;粒;;米;11;S;grains;つぶ; tsubu;リュウ;ryuu
2054;隆;隆;阜;11;S;hump;;;リュウ;ryuu
2055;硫;;石;12;S;sulphur;;;リュウ;ryuu
2056;侶;;人;9;S;companion;;;リョ;ryo
2057;旅;;方;10;3;trip;たび; tabi;リョ;ryo
2058;虜;虜;虍;13;S;captive;;;リョ;ryo
2059;慮;;心;15;S;prudence;;;リョ;ryo
2060;了;;亅;2;S;finish;;;リョウ;ryou
2061;両;兩;入;6;3;both;;;リョウ;ryou
2062;良;;艮;7;4;good;よ-い; yo-i;リョウ;ryou
2063;料;;斗;10;4;fee;;;リョウ;ryou
2064;涼;;水;11;S;refreshing;すず-しい, すず-む; suzu-shii,  suzu-mu;リョウ;ryou
2065;猟;獵;犬;11;S;game-hunting;;;リョウ;ryou
2066;陵;;阜;11;S;mausoleum;みささぎ; misasagi;リョウ;ryou
2067;量;;里;12;4;quantity;はか-る; haka-ru;リョウ;ryou
2068;僚;;人;14;S;colleague;;;リョウ;ryou
2069;領;;頁;14;5;territory;;;リョウ;ryou
2070;寮;;宀;15;S;dormitory;;;リョウ;ryou
2071;療;;疒;17;S;heal;;;リョウ;ryou
2072;瞭;;目;17;S;clear;;;リョウ;ryou
2073;糧;;米;18;S;provisions;かて; kate;リョウ, （ロウ）;ryou,  (rou)
2074;力;;力;2;1;power;ちから; chikara;リョク, リキ;ryoku,  riki
2075;緑;綠;糸;14;3;green;みどり; midori;リョク, （ロク）;ryoku,  (roku)
2076;林;;木;8;1;woods;はやし; hayashi;リン;rin
2077;厘;;厂;9;S;thousandth;;;リン;rin
2078;倫;;人;10;S;ethics;;;リン;rin
2079;輪;;車;15;4;wheel;わ; wa;リン;rin
2080;隣;;阜;16;S;neighboring;とな-る, となり; tona-ru,  tonari;リン;rin
2081;臨;;臣;18;6;look to;のぞ-む; nozo-mu;リン;rin
2082;瑠;;玉;14;S;lapis lazuli;;;ル;ru
2083;涙;淚;水;10;S;tears;なみだ; namida;ルイ;rui
2084;累;;糸;11;S;accumulate;;;ルイ;rui
2085;塁;壘;土;12;S;bases;;;ルイ;rui
2086;類;類;頁;18;4;sort;たぐ-い; tagu-i;ルイ;rui
2087;令;;人;5;4;orders;;;レイ;rei
2088;礼;禮;示;5;3;thanks;;;レイ, ライ;rei,  rai
2089;冷;;冫;7;4;cool;つめ-たい, ひ-える, ひ-や, ひ-やす, ひ-やかす, さ-める, さ-ます; tsume-tai,  hi-eru,  hi-ya,  hi-yasu,  hi-yakasu,  sa-meru,  sa-masu;レイ;rei
2090;励;勵;力;7;S;encourage;はげ-む, はげ-ます; hage-mu,  hage-masu;レイ;rei
2091;戻;戾;戶;7;S;re-;もど-す, もど-る; modo-su,  modo-ru;レイ;rei
2092;例;;人;8;4;example;たと-える; tato-eru;レイ;rei
2093;鈴;;金;13;S;small bell;すず; suzu;レイ, リン;rei,  rin
2094;零;;雨;13;S;zero;;;レイ;rei
2095;霊;靈;雨;15;S;spirits;たま; tama;レイ, リョウ;rei,  ryou
2096;隷;;隶;16;S;slave;;;レイ;rei
2097;齢;齡;齒;17;S;age;;;レイ;rei
2098;麗;;鹿;19;S;lovely;うるわ-しい; uruwa-shii;レイ;rei
2099;暦;曆;日;14;S;calendar;こよみ; koyomi;レキ;reki
2100;歴;歷;止;14;5;curriculum;;;レキ;reki
2101;列;;刀;6;3;row;;;レツ;retsu
2102;劣;;力;6;S;inferiority;おと-る; oto-ru;レツ;retsu
2103;烈;;火;10;S;ardent;;;レツ;retsu
2104;裂;;衣;12;S;split;さ-く, さ-ける; sa-ku,  sa-keru;レツ;retsu
2105;恋;戀;心;10;S;romance;こ-う, こい, こい-しい; ko-u,  koi,  koi-shii;レン;ren
2106;連;;辵;10;4;take along;つら-なる, つら-ねる, つ-れる; tsura-naru,  tsura-neru,  tsu-reru;レン;ren
2107;廉;;广;13;S;bargain;;;レン;ren
2108;練;練;糸;14;3;practice;ね-る; ne-ru;レン;ren
2109;錬;鍊;金;16;S;tempering;;;レン;ren
2110;呂;;口;7;S;spine;;;ロ;ro
2111;炉;爐;火;8;S;hearth;;;ロ;ro
2112;賂;;貝;13;S;bribe;;;ロ;ro
2113;路;;足;13;3;road;じ; ji;ロ;ro
2114;露;;雨;21;S;dew;つゆ; tsuyu;ロ, （ロウ）;ro,  (rou)
2115;老;;老;6;4;old man;お-いる, ふ-ける; o-iru,  fu-keru;ロウ;rou
2116;労;勞;力;7;4;labour;;;ロウ;rou
2117;弄;;廾;7;S;tamper with;もてあそ-ぶ; moteaso-bu;ロウ;rou
2118;郎;郞;邑;9;S;son;;;ロウ;rou
2119;朗;朗;月;10;6;melodious;ほが-らか; hoga-raka;ロウ;rou
2120;浪;;水;10;S;wandering;;;ロウ;rou
2121;廊;廊;广;12;S;corridor;;;ロウ;rou
2122;楼;樓;木;13;S;watchtower;;;ロウ;rou
2123;漏;;水;14;S;leak;も-る, も-れる, も-らす; mo-ru,  mo-reru,  mo-rasu;ロウ;rou
2124;籠;;竹;22;S;basket;かご, こ-もる; kago,  ko-moru;ロウ;rou
2125;六;;八;4;1;six;む, む-つ, むっ-つ, （むい）; mu,  mu-tsu,  mu'-tsu,  (mui);ロク;roku
2126;録;錄;金;16;4;record;;;ロク;roku
2127;麓;;鹿;19;S;foot of a mountain;ふもと; fumoto;ロク;roku
2128;論;;言;15;6;theory;;;ロン;ron
2129;和;;口;8;3;peace;やわ-らぐ, やわ-らげる, なご-む, なご-やか; yawa-ragu,  yawa-rageru,  nago-mu,  nago-yaka;ワ, （オ）;wa,  (o)
2130;話;;言;13;2;talk;はな-す, はなし; hana-su,  hanashi;ワ;wa
2131;賄;;貝;13;S;bribe, board;まかな-う; makana-u;ワイ;wai
2132;脇;;肉;10;S;aside;わき;waki;;
2133;惑;;心;12;S;beguile;まど-う; mado-u;ワク;waku
2134;枠;;木;8;S;frame;わく;waku;;
2135;湾;灣;水;12;S;gulf;;;ワン;wan
2136;腕;;肉;12;S;arm;うで; ude;ワン;wan
